Year,Rank,Name,Age,Experience,Games_Played,Points_Per_Game,Total_Points,Team
2000,1.0,Marshall Faulk STL,27.0,7.0,14.0,32.6,455.9,STL
2000,2.0,Edgerrin James IND,22.0,2.0,16.0,25.1,401.3,IND
2000,3.0,Eddie George TEN,27.0,5.0,16.0,21.4,342.0,TEN
2000,4.0,Ahman Green GB,23.0,3.0,16.0,20.3,324.4,GB
2000,5.0,Charlie Garner SF,28.0,7.0,16.0,19.2,306.9,SF
2000,6.0,Curtis Martin NYJ,27.0,6.0,16.0,19.1,305.9,NYJ
2000,7.0,Ricky Watters SEA,31.0,9.0,16.0,18.9,302.5,SEA
2000,8.0,Tiki Barber NYG,25.0,4.0,16.0,18.5,296.5,NYG
2000,9.0,Fred Taylor JAX,24.0,3.0,13.0,21.8,283.9,JAX
2000,10.0,Robert Smith MIN,28.0,8.0,16.0,17.7,282.9,MIN
2000,11.0,Mike Anderson DEN,27.0,1.0,14.0,20.0,279.9,DEN
2000,12.0,Stephen Davis WAS,26.0,5.0,15.0,17.5,262.1,WAS
2000,13.0,Lamar Smith MIA,30.0,7.0,15.0,17.4,261.0,MIA
2000,14.0,Warrick Dunn TB,25.0,4.0,16.0,15.8,253.5,TB
2000,15.0,James Stewart DET,29.0,6.0,16.0,15.3,245.1,DET
2000,16.0,Ricky Williams NO,23.0,2.0,10.0,23.9,238.9,NO
2000,17.0,Michael Pittman ARI,25.0,3.0,16.0,14.9,238.8,ARI
2000,18.0,Jamal Lewis BAL,21.0,1.0,16.0,14.3,229.0,BAL
2000,19.0,Corey Dillon CIN,26.0,4.0,16.0,13.7,219.3,CIN
2000,20.0,Jamal Anderson ATL,28.0,7.0,16.0,13.7,218.6,ATL
2000,21.0,Tony Richardson KC,29.0,6.0,16.0,13.2,210.5,KC
2000,22.0,Jerome Bettis PIT,28.0,8.0,16.0,12.9,205.8,PIT
2000,23.0,Tyrone Wheatley OAK,28.0,6.0,14.0,14.3,200.2,OAK
2000,24.0,James Allen CHI,25.0,3.0,16.0,12.4,198.1,CHI
2000,25.0,Emmitt Smith DAL,31.0,11.0,16.0,12.1,193.2,DAL
2000,26.0,Kevin Faulk NE,24.0,2.0,15.0,12.3,184.5,NE
2000,27.0,Travis Prentice CLE,24.0,1.0,15.0,10.4,155.3,CLE
2000,28.0,Tim Biakabutuka CAR,26.0,5.0,12.0,12.9,154.8,CAR
2000,29.0,Richie Anderson NYJ,29.0,8.0,12.0,12.4,149.1,NYJ
2000,30.0,Terrell Fletcher SD,27.0,6.0,15.0,9.7,145.9,SD
2000,40.0,Mike Alstott TB,27.0,5.0,13.0,7.6,98.8,TB
2000,44.0,Duce Staley PHI,25.0,4.0,5.0,17.1,85.5,PHI
2000,56.0,Shaun Alexander SEA,23.0,1.0,13.0,4.1,52.8,SEA
2000,69.0,Jamel White CLE,23.0,1.0,9.0,4.2,37.5,CLE
2000,86.0,Stacey Mack JAX,25.0,2.0,3.0,6.8,20.5,JAX
2000,96.0,Moe Williams MIN,26.0,5.0,9.0,1.4,12.4,MIN
2000,108.0,Maurice Smith ATL,24.0,1.0,4.0,2.2,8.7,ATL
2000,124.0,Troy Hambrick DAL,24.0,1.0,1.0,2.8,2.8,DAL
2000,133.0,Amos Zereoue PIT,24.0,2.0,2.0,0.7,1.4,PIT
2001,1.0,Marshall Faulk STL,28.0,8.0,14.0,30.3,423.7,STL
2001,2.0,Priest Holmes KC,28.0,5.0,16.0,21.2,338.9,KC
2001,3.0,Ahman Green GB,24.0,4.0,16.0,20.4,326.1,GB
2001,4.0,Shaun Alexander SEA,24.0,2.0,16.0,19.1,306.1,SEA
2001,5.0,Curtis Martin NYJ,28.0,7.0,16.0,18.8,301.0,NYJ
2001,6.0,LaDainian Tomlinson SD,22.0,1.0,16.0,17.5,279.3,SD
2001,7.0,Ricky Williams NO,24.0,3.0,16.0,17.4,277.6,NO
2001,8.0,Corey Dillon CIN,27.0,5.0,16.0,16.5,264.3,CIN
2001,9.0,Tiki Barber NYG,26.0,5.0,14.0,17.2,240.2,NYG
2001,10.0,Antowain Smith NE,29.0,5.0,16.0,14.5,231.9,NE
2001,11.0,Charlie Garner OAK,29.0,8.0,16.0,14.5,231.7,OAK
2001,12.0,Garrison Hearst SF,30.0,8.0,16.0,14.1,226.3,SF
2001,13.0,Stephen Davis WAS,27.0,6.0,16.0,13.9,221.7,WAS
2001,14.0,Dominic Rhodes IND,22.0,1.0,13.0,17.0,220.8,IND
2001,15.0,Duce Staley PHI,26.0,5.0,13.0,16.2,210.0,PHI
2001,16.0,Warrick Dunn TB,26.0,5.0,13.0,15.7,204.4,TB
2001,17.0,Anthony Thomas CHI,24.0,1.0,13.0,15.3,198.3,CHI
2001,18.0,Lamar Smith MIA,31.0,8.0,16.0,12.4,198.2,MIA
2001,19.0,Mike Alstott TB,28.0,6.0,16.0,12.0,192.1,TB
2001,20.0,Eddie George TEN,28.0,6.0,16.0,11.8,188.8,TEN
2001,21.0,Stacey Mack JAX,26.0,3.0,16.0,11.7,187.2,JAX
2001,22.0,Michael Pittman ARI,26.0,4.0,15.0,12.2,183.0,ARI
2001,23.0,Jamel White CLE,24.0,2.0,15.0,10.9,164.1,CLE
2001,24.0,Larry Centers BUF,33.0,12.0,13.0,12.5,163.0,BUF
2001,25.0,Maurice Smith ATL,25.0,2.0,14.0,11.0,154.0,ATL
2001,26.0,Jerome Bettis PIT,29.0,9.0,11.0,13.6,149.3,PIT
2001,27.0,Emmitt Smith DAL,32.0,12.0,14.0,10.6,148.7,DAL
2001,28.0,Michael Bennett MIN,23.0,1.0,13.0,10.6,137.8,MIN
2001,29.0,Travis Henry BUF,23.0,1.0,13.0,10.5,136.8,BUF
2001,30.0,Kevan Barlow SF,22.0,1.0,15.0,8.5,127.9,SF
2001,31.0,James Stewart DET,30.0,7.0,11.0,11.6,127.7,DET
2001,32.0,Edgerrin James IND,23.0,3.0,6.0,21.2,127.5,IND
2001,37.0,Tony Richardson KC,30.0,7.0,13.0,8.7,113.2,KC
2001,40.0,James Allen CHI,26.0,4.0,14.0,7.6,106.2,CHI
2001,41.0,Mike Anderson DEN,28.0,2.0,16.0,6.5,104.4,DEN
2001,49.0,Richie Anderson NYJ,30.0,9.0,15.0,5.6,84.7,NYJ
2001,50.0,Kevin Faulk NE,25.0,3.0,15.0,5.6,84.7,NE
2001,51.0,Amos Zereoue PIT,25.0,3.0,13.0,6.5,84.5,PIT
2001,52.0,Tyrone Wheatley OAK,29.0,7.0,11.0,7.4,81.7,OAK
2001,53.0,Troy Hambrick DAL,25.0,2.0,16.0,5.0,80.1,DAL
2001,62.0,Ricky Watters SEA,32.0,10.0,5.0,11.9,59.5,SEA
2001,66.0,Deuce McAllister NO,23.0,1.0,10.0,5.3,53.2,NO
2001,67.0,Tim Biakabutuka CAR,27.0,6.0,5.0,10.6,53.1,CAR
2001,71.0,Terrell Fletcher SD,28.0,7.0,11.0,4.6,50.2,SD
2001,73.0,Jamal Anderson ATL,29.0,8.0,3.0,15.0,45.1,ATL
2001,78.0,Nick Goings CAR,23.0,1.0,8.0,4.0,31.6,CAR
2001,94.0,Fred Taylor JAX,25.0,4.0,2.0,7.4,14.9,JAX
2002,1.0,Priest Holmes KC,29.0,6.0,14.0,31.6,442.7,KC
2002,2.0,LaDainian Tomlinson SD,23.0,2.0,16.0,24.1,386.2,SD
2002,3.0,Ricky Williams MIA,25.0,4.0,16.0,23.2,370.6,MIA
2002,4.0,Charlie Garner OAK,30.0,9.0,16.0,21.7,347.3,OAK
2002,5.0,Tiki Barber NYG,27.0,6.0,16.0,20.8,333.3,NYG
2002,6.0,Shaun Alexander SEA,25.0,3.0,16.0,20.7,330.5,SEA
2002,7.0,Clinton Portis DEN,21.0,1.0,16.0,20.1,322.2,DEN
2002,8.0,Deuce McAllister NO,24.0,2.0,15.0,21.1,317.0,NO
2002,9.0,Travis Henry BUF,24.0,2.0,16.0,18.9,301.7,BUF
2002,10.0,Marshall Faulk STL,29.0,9.0,14.0,20.6,289.0,STL
2002,11.0,Ahman Green GB,25.0,5.0,14.0,19.6,274.3,GB
2002,12.0,Fred Taylor JAX,26.0,5.0,16.0,16.8,269.2,JAX
2002,13.0,Jamal Lewis BAL,23.0,3.0,16.0,16.6,265.9,BAL
2002,14.0,Eddie George TEN,29.0,7.0,16.0,16.4,262.0,TEN
2002,15.0,Duce Staley PHI,27.0,6.0,16.0,16.0,256.1,PHI
2002,16.0,Corey Dillon CIN,28.0,6.0,16.0,15.4,245.9,CIN
2002,17.0,Michael Bennett MIN,24.0,2.0,16.0,14.9,237.7,MIN
2002,18.0,Curtis Martin NYJ,29.0,8.0,16.0,14.8,236.6,NYJ
2002,19.0,Warrick Dunn ATL,27.0,6.0,15.0,15.6,234.4,ATL
2002,20.0,Garrison Hearst SF,31.0,9.0,16.0,14.4,230.9,SF
2002,21.0,James Stewart DET,31.0,8.0,14.0,15.5,217.4,DET
2002,22.0,Marcel Shipp ARI,24.0,1.0,14.0,15.5,216.7,ARI
2002,23.0,Edgerrin James IND,24.0,4.0,14.0,15.2,213.2,IND
2002,24.0,Antowain Smith NE,30.0,6.0,16.0,12.6,201.5,NE
2002,25.0,Michael Pittman TB,27.0,5.0,16.0,11.5,184.5,TB
2002,26.0,Amos Zereoue PIT,26.0,4.0,16.0,11.0,176.3,PIT
2002,27.0,Jamel White CLE,25.0,3.0,14.0,12.4,173.2,CLE
2002,28.0,Stephen Davis WAS,28.0,7.0,12.0,13.9,167.2,WAS
2002,29.0,Moe Williams MIN,28.0,7.0,16.0,10.0,159.5,MIN
2002,30.0,Mike Alstott TB,29.0,7.0,16.0,9.8,156.0,TB
2002,31.0,Emmitt Smith DAL,33.0,13.0,16.0,9.5,152.4,DAL
2002,34.0,Anthony Thomas CHI,25.0,2.0,12.0,12.4,148.4,CHI
2002,35.0,Jerome Bettis PIT,30.0,10.0,12.0,11.1,133.3,PIT
2002,36.0,Kevin Faulk NE,26.0,4.0,14.0,9.4,132.0,NE
2002,38.0,Kevan Barlow SF,23.0,2.0,14.0,8.9,125.1,SF
2002,40.0,Stacey Mack JAX,27.0,4.0,15.0,7.8,116.5,JAX
2002,42.0,Larry Centers BUF,34.0,13.0,15.0,6.6,99.4,BUF
2002,44.0,Mike Anderson DEN,29.0,3.0,15.0,6.5,97.3,DEN
2002,47.0,T.J. Duckett ATL,21.0,1.0,11.0,8.2,89.8,ATL
2002,52.0,Richie Anderson NYJ,31.0,10.0,16.0,5.0,79.4,NYJ
2002,55.0,Tyrone Wheatley OAK,30.0,8.0,14.0,5.2,73.0,OAK
2002,58.0,Troy Hambrick DAL,26.0,3.0,16.0,4.3,68.6,DAL
2002,61.0,Ladell Betts WAS,23.0,1.0,10.0,6.4,64.1,WAS
2002,66.0,Tony Richardson KC,31.0,8.0,13.0,4.4,56.6,KC
2002,75.0,Nick Goings CAR,24.0,2.0,13.0,3.5,45.9,CAR
2002,85.0,Brian Westbrook PHI,23.0,1.0,14.0,2.6,36.9,PHI
2002,86.0,Terrell Fletcher SD,29.0,8.0,7.0,5.0,35.0,SD
2002,97.0,Reuben Droughns DEN,24.0,2.0,5.0,4.7,23.4,DEN
2002,103.0,Adrian Peterson CHI,23.0,1.0,4.0,5.2,20.9,CHI
2002,108.0,Derrick Blaylock KC,23.0,1.0,5.0,3.4,16.9,KC
2002,109.0,Rudi Johnson CIN,23.0,1.0,4.0,4.0,16.1,CIN
2003,1.0,Priest Holmes KC,30.0,7.0,16.0,27.9,447.0,KC
2003,2.0,LaDainian Tomlinson SD,24.0,3.0,16.0,27.7,443.8,SD
2003,3.0,Ahman Green GB,26.0,6.0,16.0,24.7,395.0,GB
2003,4.0,Jamal Lewis BAL,24.0,4.0,16.0,21.1,337.1,BAL
2003,5.0,Deuce McAllister NO,25.0,3.0,16.0,20.8,332.7,NO
2003,6.0,Clinton Portis DEN,22.0,2.0,13.0,24.0,312.5,DEN
2003,7.0,Shaun Alexander SEA,26.0,4.0,16.0,19.4,311.0,SEA
2003,8.0,Fred Taylor JAX,27.0,6.0,16.0,17.8,284.2,JAX
2003,9.0,Ricky Williams MIA,26.0,5.0,16.0,17.6,282.3,MIA
2003,10.0,Edgerrin James IND,25.0,5.0,13.0,20.9,272.1,IND
2003,11.0,Tiki Barber NYG,28.0,7.0,16.0,15.9,254.7,NYG
2003,12.0,Moe Williams MIN,29.0,8.0,16.0,15.4,245.9,MIN
2003,13.0,Travis Henry BUF,25.0,3.0,15.0,16.2,243.4,BUF
2003,14.0,Domanick Williams HOU,23.0,1.0,14.0,16.7,233.2,HOU
2003,15.0,Stephen Davis CAR,29.0,8.0,14.0,15.9,222.3,CAR
2003,16.0,Marshall Faulk STL,30.0,10.0,11.0,20.2,221.8,STL
2003,17.0,Michael Pittman TB,28.0,6.0,16.0,13.9,221.8,TB
2003,18.0,Curtis Martin NYJ,30.0,9.0,16.0,13.2,211.0,NYJ
2003,19.0,Kevan Barlow SF,24.0,3.0,16.0,13.1,210.1,SF
2003,20.0,Brian Westbrook PHI,24.0,2.0,15.0,13.2,197.5,PHI
2003,21.0,Rudi Johnson CIN,24.0,2.0,13.0,14.3,185.3,CIN
2003,22.0,Richie Anderson DAL,32.0,11.0,15.0,11.9,178.9,DAL
2003,23.0,Eddie George TEN,30.0,8.0,16.0,10.7,171.4,TEN
2003,24.0,Warrick Dunn ATL,28.0,7.0,11.0,15.3,167.8,ATL
2003,25.0,Shawn Bryson DET,27.0,4.0,16.0,10.4,166.6,DET
2003,26.0,Charlie Garner OAK,31.0,10.0,14.0,11.8,165.9,OAK
2003,27.0,Duce Staley PHI,28.0,7.0,16.0,10.2,162.5,PHI
2003,28.0,T.J. Duckett ATL,22.0,2.0,16.0,9.9,158.3,ATL
2003,29.0,Kevin Faulk NE,27.0,5.0,15.0,10.4,155.8,NE
2003,30.0,Troy Hambrick DAL,27.0,4.0,16.0,9.6,154.1,DAL
2003,31.0,Anthony Thomas CHI,26.0,3.0,13.0,11.6,151.0,CHI
2003,32.0,Garrison Hearst SF,32.0,10.0,12.0,12.2,146.9,SF
2003,33.0,Jerome Bettis PIT,31.0,11.0,16.0,9.0,144.7,PIT
2003,35.0,Marcel Shipp ARI,25.0,2.0,16.0,8.2,131.4,ARI
2003,36.0,Amos Zereoue PIT,27.0,5.0,16.0,7.9,126.3,PIT
2003,38.0,Onterrio Smith MIN,23.0,1.0,10.0,11.6,115.8,MIN
2003,39.0,Tyrone Wheatley OAK,31.0,9.0,15.0,7.7,115.8,OAK
2003,40.0,Jamel White CLE,26.0,4.0,16.0,7.2,114.9,CLE
2003,41.0,Antowain Smith NE,31.0,7.0,13.0,8.1,105.4,NE
2003,42.0,DeShaun Foster CAR,23.0,2.0,14.0,7.3,101.6,CAR
2003,46.0,Corey Dillon CIN,29.0,7.0,13.0,6.5,84.2,CIN
2003,50.0,Michael Bennett MIN,25.0,3.0,8.0,9.5,75.9,MIN
2003,53.0,Mike Anderson DEN,30.0,4.0,10.0,7.3,73.0,DEN
2003,58.0,Ladell Betts WAS,24.0,2.0,9.0,7.7,69.2,WAS
2003,67.0,Derrick Blaylock KC,24.0,2.0,9.0,6.9,62.3,KC
2003,69.0,Emmitt Smith ARI,34.0,14.0,10.0,6.2,62.3,ARI
2003,83.0,Mike Alstott TB,30.0,8.0,4.0,9.5,38.0,TB
2003,88.0,Chris Brown TEN,22.0,1.0,11.0,3.3,36.2,TEN
2003,89.0,Nick Goings CAR,25.0,3.0,9.0,3.8,34.6,CAR
2003,91.0,Dominic Rhodes IND,24.0,3.0,10.0,3.4,33.9,IND
2003,95.0,Reuben Droughns DEN,25.0,3.0,7.0,4.4,31.1,DEN
2003,99.0,Tony Richardson KC,32.0,9.0,10.0,2.6,25.5,KC
2003,102.0,Justin Fargas OAK,23.0,1.0,9.0,2.5,22.5,OAK
2003,115.0,Larry Johnson KC,24.0,1.0,5.0,3.1,15.7,KC
2003,130.0,Adrian Peterson CHI,24.0,2.0,3.0,2.8,8.5,CHI
2004,1.0,Tiki Barber NYG,29.0,8.0,16.0,22.0,351.6,NYG
2004,2.0,LaDainian Tomlinson SD,25.0,4.0,15.0,22.7,340.1,SD
2004,3.0,Shaun Alexander SEA,27.0,5.0,16.0,20.6,329.6,SEA
2004,4.0,Domanick Williams HOU,24.0,2.0,15.0,22.0,329.6,HOU
2004,5.0,Curtis Martin NYJ,31.0,10.0,16.0,20.0,319.2,NYJ
2004,6.0,Edgerrin James IND,26.0,6.0,16.0,19.3,308.1,IND
2004,7.0,Brian Westbrook PHI,25.0,3.0,13.0,21.4,278.5,PHI
2004,8.0,Corey Dillon NE,30.0,8.0,15.0,17.8,266.8,NE
2004,9.0,Clinton Portis WAS,23.0,3.0,15.0,16.1,241.6,WAS
2004,10.0,Rudi Johnson CIN,25.0,3.0,16.0,15.0,240.8,CIN
2004,11.0,Ahman Green GB,27.0,7.0,15.0,15.8,236.6,GB
2004,12.0,Thomas Jones CHI,26.0,5.0,14.0,16.8,235.5,CHI
2004,13.0,Michael Pittman TB,29.0,7.0,13.0,17.9,232.7,TB
2004,14.0,Willis McGahee BUF,23.0,1.0,15.0,15.3,229.7,BUF
2004,15.0,Reuben Droughns DEN,26.0,4.0,16.0,14.3,228.1,DEN
2004,16.0,Warrick Dunn ATL,29.0,8.0,16.0,13.9,223.0,ATL
2004,17.0,Deuce McAllister NO,26.0,4.0,14.0,15.6,218.2,NO
2004,18.0,Priest Holmes KC,31.0,8.0,8.0,27.1,216.9,KC
2004,19.0,Fred Taylor JAX,28.0,7.0,14.0,15.1,210.9,JAX
2004,20.0,Nick Goings CAR,26.0,4.0,16.0,13.0,208.5,CAR
2004,21.0,Kevin Jones DET,22.0,1.0,15.0,13.0,195.3,DET
2004,22.0,Jerome Bettis PIT,32.0,12.0,14.0,13.4,187.1,PIT
2004,23.0,Marshall Faulk STL,31.0,11.0,14.0,13.0,182.4,STL
2004,24.0,Kevan Barlow SF,25.0,4.0,15.0,12.0,180.4,SF
2004,25.0,Emmitt Smith ARI,35.0,15.0,15.0,11.9,178.0,ARI
2004,26.0,Chris Brown TEN,23.0,2.0,11.0,16.1,177.4,TEN
2004,27.0,Larry Johnson KC,25.0,2.0,8.0,21.7,173.9,KC
2004,28.0,Jamal Lewis BAL,25.0,5.0,12.0,13.7,164.2,BAL
2004,29.0,Derrick Blaylock KC,25.0,3.0,12.0,13.1,157.3,KC
2004,30.0,Onterrio Smith MIN,24.0,2.0,11.0,14.0,153.8,MIN
2004,31.0,Julius Jones DAL,23.0,1.0,8.0,19.0,151.8,DAL
2004,34.0,Steven Jackson STL,21.0,1.0,14.0,9.2,129.2,STL
2004,39.0,T.J. Duckett ATL,23.0,3.0,12.0,8.6,103.4,ATL
2004,40.0,Shawn Bryson DET,28.0,5.0,16.0,6.4,102.6,DET
2004,42.0,Kevin Faulk NE,28.0,6.0,11.0,8.6,94.3,NE
2004,44.0,Mewelde Moore MIN,22.0,1.0,7.0,12.7,88.7,MIN
2004,47.0,Moe Williams MIN,30.0,9.0,13.0,6.5,84.4,MIN
2004,48.0,Mike Alstott TB,31.0,9.0,14.0,6.0,84.2,TB
2004,52.0,Anthony Thomas CHI,27.0,4.0,12.0,6.9,82.6,CHI
2004,53.0,Richie Anderson DAL,33.0,12.0,11.0,7.5,82.3,DAL
2004,54.0,Michael Bennett MIN,26.0,4.0,10.0,8.1,81.3,MIN
2004,56.0,Tyrone Wheatley OAK,32.0,10.0,8.0,9.9,79.5,OAK
2004,63.0,Tatum Bell DEN,23.0,1.0,9.0,7.8,70.6,DEN
2004,64.0,Ladell Betts WAS,25.0,3.0,13.0,5.3,68.9,WAS
2004,68.0,Kenny Watson CIN,26.0,3.0,15.0,4.3,64.2,CIN
2004,73.0,DeShaun Foster CAR,24.0,3.0,4.0,13.5,54.1,CAR
2004,77.0,Travis Henry BUF,26.0,4.0,9.0,5.2,47.1,BUF
2004,84.0,Justin Fargas OAK,24.0,2.0,10.0,3.6,36.4,OAK
2004,85.0,Tony Richardson KC,33.0,10.0,14.0,2.6,36.4,KC
2004,86.0,Dominic Rhodes IND,25.0,4.0,12.0,3.0,35.8,IND
2004,105.0,Willie Parker PIT,24.0,1.0,6.0,3.9,23.2,PIT
2004,121.0,Stephen Davis CAR,30.0,9.0,2.0,7.2,14.4,CAR
2004,139.0,Earnest Graham TB,24.0,1.0,7.0,1.0,7.3,TB
2004,140.0,Adrian Peterson CHI,25.0,3.0,2.0,3.4,6.9,CHI
2005,1.0,Shaun Alexander SEA,28.0,6.0,16.0,23.7,378.8,SEA
2005,2.0,Larry Johnson KC,26.0,3.0,16.0,23.0,368.3,KC
2005,3.0,LaDainian Tomlinson SD,26.0,5.0,16.0,23.0,368.1,SD
2005,4.0,Tiki Barber NYG,30.0,9.0,16.0,22.4,359.0,NYG
2005,5.0,Edgerrin James IND,27.0,7.0,15.0,20.8,312.3,IND
2005,6.0,LaMont Jordan OAK,27.0,5.0,14.0,21.1,294.8,OAK
2005,7.0,Clinton Portis WAS,24.0,4.0,16.0,17.1,273.9,WAS
2005,8.0,Rudi Johnson CIN,26.0,4.0,16.0,15.6,249.8,CIN
2005,9.0,Steven Jackson STL,22.0,2.0,15.0,16.0,239.6,STL
2005,10.0,Thomas Jones CHI,27.0,6.0,15.0,15.2,227.8,CHI
2005,11.0,Brian Westbrook PHI,26.0,4.0,12.0,18.9,226.3,PHI
2005,12.0,Mike Anderson DEN,32.0,6.0,15.0,14.6,218.6,DEN
2005,13.0,Warrick Dunn ATL,30.0,9.0,16.0,13.5,216.6,ATL
2005,14.0,Reuben Droughns CLE,27.0,5.0,16.0,13.2,211.1,CLE
2005,15.0,Domanick Williams HOU,25.0,3.0,11.0,18.8,206.3,HOU
2005,16.0,Willis McGahee BUF,24.0,2.0,16.0,12.5,200.5,BUF
2005,17.0,Corey Dillon NE,31.0,9.0,11.0,17.4,191.4,NE
2005,18.0,Willie Parker PIT,25.0,2.0,15.0,12.7,190.0,PIT
2005,19.0,Julius Jones DAL,24.0,2.0,13.0,14.3,186.1,DAL
2005,20.0,Chris Brown TEN,24.0,3.0,15.0,12.3,184.8,TEN
2005,21.0,Cadillac Williams TB,23.0,1.0,14.0,13.0,181.9,TB
2005,22.0,DeShaun Foster CAR,25.0,4.0,15.0,11.8,177.1,CAR
2005,23.0,Ronnie Brown MIA,24.0,1.0,15.0,11.7,175.9,MIA
2005,24.0,Tatum Bell DEN,24.0,2.0,14.0,12.0,168.5,DEN
2005,25.0,Jamal Lewis BAL,26.0,6.0,15.0,11.0,165.7,BAL
2005,26.0,Mewelde Moore MIN,23.0,2.0,14.0,11.1,155.1,MIN
2005,27.0,Curtis Martin NYJ,32.0,11.0,12.0,11.6,139.3,NYJ
2005,28.0,Ricky Williams MIA,28.0,7.0,12.0,11.4,136.6,MIA
2005,29.0,Stephen Davis CAR,31.0,10.0,13.0,10.5,136.4,CAR
2005,30.0,Kevan Barlow SF,26.0,5.0,12.0,10.9,131.2,SF
2005,31.0,Priest Holmes KC,32.0,9.0,7.0,18.3,127.8,KC
2005,32.0,Kevin Jones DET,23.0,2.0,13.0,9.8,127.3,DET
2005,35.0,Michael Pittman TB,30.0,8.0,16.0,7.6,121.6,TB
2005,36.0,Fred Taylor JAX,29.0,8.0,11.0,10.7,118.0,JAX
2005,38.0,Michael Bennett MIN,27.0,5.0,16.0,7.3,116.7,MIN
2005,39.0,Marion Barber DAL,22.0,1.0,12.0,9.4,113.3,DAL
2005,41.0,Marshall Faulk STL,32.0,12.0,16.0,6.8,108.3,STL
2005,42.0,Frank Gore SF,22.0,1.0,14.0,7.6,106.9,SF
2005,43.0,Marcel Shipp ARI,27.0,4.0,15.0,7.0,105.6,ARI
2005,44.0,Shawn Bryson DET,29.0,6.0,16.0,6.4,102.0,DET
2005,47.0,Jerome Bettis PIT,33.0,13.0,12.0,8.2,98.8,PIT
2005,48.0,T.J. Duckett ATL,24.0,4.0,14.0,7.0,98.3,ATL
2005,50.0,Mike Alstott TB,32.0,10.0,16.0,6.1,97.2,TB
2005,55.0,Deuce McAllister NO,27.0,5.0,5.0,16.0,80.2,NO
2005,58.0,Kevin Faulk NE,29.0,7.0,8.0,8.7,69.4,NE
2005,62.0,Ladell Betts WAS,26.0,4.0,12.0,5.3,63.6,WAS
2005,63.0,Adrian Peterson CHI,26.0,4.0,13.0,4.8,62.9,CHI
2005,66.0,Ahman Green GB,28.0,8.0,5.0,11.8,59.2,GB
2005,67.0,Travis Henry TEN,27.0,5.0,9.0,6.5,58.2,TEN
2005,68.0,Dominic Rhodes IND,26.0,5.0,10.0,5.8,57.6,IND
2005,73.0,Brandon Jacobs NYG,23.0,1.0,13.0,4.0,51.9,NYG
2005,84.0,Nick Goings CAR,27.0,5.0,13.0,3.3,42.4,CAR
2005,100.0,Tony Richardson KC,34.0,11.0,16.0,1.5,23.8,KC
2005,111.0,Derrick Ward NYG,25.0,2.0,11.0,1.4,15.6,NYG
2005,113.0,Moe Williams MIN,31.0,10.0,5.0,3.0,15.2,MIN
2005,127.0,Darren Sproles SD,22.0,1.0,7.0,1.3,9.0,SD
2005,129.0,Earnest Graham TB,25.0,2.0,4.0,2.1,8.3,TB
2005,142.0,Justin Fargas OAK,25.0,3.0,4.0,1.2,4.7,OAK
2006,1.0,LaDainian Tomlinson SD,27.0,6.0,16.0,30.2,483.1,SD
2006,2.0,Steven Jackson STL,23.0,3.0,16.0,26.2,419.4,STL
2006,3.0,Larry Johnson KC,27.0,4.0,16.0,23.4,374.9,KC
2006,4.0,Brian Westbrook PHI,27.0,5.0,15.0,22.3,334.6,PHI
2006,5.0,Frank Gore SF,23.0,2.0,16.0,20.8,333.0,SF
2006,6.0,Tiki Barber NYG,31.0,10.0,16.0,18.8,300.7,NYG
2006,7.0,Willie Parker PIT,26.0,3.0,16.0,18.7,298.6,PIT
2006,8.0,Maurice Jones-Drew JAX,21.0,1.0,16.0,17.1,273.7,JAX
2006,9.0,Reggie Bush NO,21.0,1.0,16.0,16.5,264.7,NO
2006,10.0,Ladell Betts WAS,27.0,5.0,16.0,15.2,242.9,WAS
2006,11.0,Rudi Johnson CIN,27.0,5.0,16.0,14.9,238.3,CIN
2006,12.0,Kevin Jones DET,24.0,3.0,12.0,19.2,229.9,DET
2006,13.0,Joseph Addai IND,23.0,1.0,16.0,14.3,228.6,IND
2006,14.0,Chester Taylor MIN,27.0,5.0,15.0,15.2,228.4,MIN
2006,15.0,Ahman Green GB,29.0,9.0,14.0,16.1,225.2,GB
2006,16.0,Deuce McAllister NO,28.0,6.0,15.0,14.4,215.5,NO
2006,17.0,Edgerrin James ARI,28.0,8.0,16.0,13.2,211.6,ARI
2006,18.0,Thomas Jones CHI,28.0,7.0,16.0,13.0,208.2,CHI
2006,19.0,Marion Barber DAL,23.0,2.0,16.0,12.8,204.0,DAL
2006,20.0,Fred Taylor JAX,30.0,9.0,15.0,13.2,197.8,JAX
2006,21.0,Jamal Lewis BAL,27.0,7.0,16.0,12.3,196.7,BAL
2006,22.0,Ronnie Brown MIA,25.0,2.0,13.0,14.7,191.4,MIA
2006,23.0,Corey Dillon NE,32.0,10.0,16.0,11.8,188.9,NE
2006,24.0,Travis Henry TEN,28.0,6.0,14.0,13.5,188.9,TEN
2006,25.0,Warrick Dunn ATL,31.0,10.0,16.0,11.4,183.0,ATL
2006,26.0,Willis McGahee BUF,25.0,3.0,14.0,12.0,168.6,BUF
2006,27.0,Laurence Maroney NE,21.0,1.0,14.0,11.3,157.9,NE
2006,28.0,DeShaun Foster CAR,26.0,5.0,14.0,11.1,155.6,CAR
2006,29.0,Julius Jones DAL,25.0,3.0,16.0,9.7,155.6,DAL
2006,30.0,Dominic Rhodes IND,27.0,6.0,16.0,9.7,155.2,IND
2006,32.0,Tatum Bell DEN,25.0,3.0,13.0,11.5,150.0,DEN
2006,33.0,Shaun Alexander SEA,29.0,7.0,10.0,14.8,148.4,SEA
2006,34.0,Reuben Droughns CLE,28.0,6.0,14.0,10.3,143.7,CLE
2006,35.0,Leon Washington NYJ,24.0,1.0,15.0,9.4,141.0,NYJ
2006,36.0,Cadillac Williams TB,24.0,2.0,14.0,9.7,135.4,TB
2006,37.0,Clinton Portis WAS,25.0,5.0,8.0,16.0,128.3,WAS
2006,38.0,DeAngelo Williams CAR,23.0,1.0,13.0,9.7,126.4,CAR
2006,40.0,Brandon Jacobs NYG,24.0,2.0,15.0,8.1,122.2,NYG
2006,41.0,Michael Pittman TB,31.0,9.0,16.0,7.4,118.0,TB
2006,42.0,Mewelde Moore MIN,24.0,3.0,16.0,7.3,116.5,MIN
2006,45.0,Kevin Faulk NE,30.0,8.0,15.0,7.3,108.9,NE
2006,48.0,Justin Fargas OAK,26.0,4.0,16.0,5.9,94.0,OAK
2006,57.0,LaMont Jordan OAK,28.0,6.0,9.0,8.1,72.8,OAK
2006,61.0,Mike Alstott TB,33.0,11.0,15.0,4.3,64.6,TB
2006,62.0,Kenny Watson CIN,28.0,5.0,16.0,4.0,64.1,CIN
2006,72.0,LenDale White TEN,22.0,1.0,13.0,3.4,44.4,TEN
2006,76.0,Marcel Shipp ARI,28.0,5.0,9.0,4.5,40.1,ARI
2006,85.0,Nick Goings CAR,28.0,6.0,7.0,4.6,31.9,CAR
2006,93.0,Adrian Peterson CHI,27.0,5.0,6.0,4.4,26.2,CHI
2006,96.0,Shawn Bryson DET,30.0,7.0,5.0,4.8,23.9,DET
2006,100.0,Jerome Harrison CLE,23.0,1.0,9.0,2.2,19.7,CLE
2006,107.0,Chris Brown TEN,25.0,4.0,5.0,3.6,18.0,TEN
2006,126.0,Earnest Graham TB,26.0,3.0,5.0,1.5,7.3,TB
2007,1.0,Brian Westbrook PHI,28.0,6.0,15.0,24.8,372.4,PHI
2007,2.0,LaDainian Tomlinson SD,28.0,7.0,16.0,23.0,367.6,SD
2007,3.0,Clinton Portis WAS,26.0,6.0,16.0,17.7,282.7,WAS
2007,4.0,Joseph Addai IND,24.0,2.0,15.0,18.3,274.6,IND
2007,5.0,Adrian Peterson MIN,22.0,1.0,14.0,18.4,257.9,MIN
2007,6.0,Jamal Lewis CLE,28.0,8.0,15.0,16.7,251.2,CLE
2007,7.0,Frank Gore SF,24.0,3.0,15.0,16.2,242.8,SF
2007,8.0,Marion Barber DAL,24.0,3.0,16.0,15.1,241.5,DAL
2007,9.0,Willis McGahee BAL,26.0,4.0,15.0,15.7,234.8,BAL
2007,10.0,Earnest Graham TB,27.0,4.0,15.0,15.4,231.2,TB
2007,11.0,Maurice Jones-Drew JAX,22.0,2.0,15.0,14.1,211.5,JAX
2007,12.0,Edgerrin James ARI,29.0,9.0,16.0,13.1,209.8,ARI
2007,13.0,Reggie Bush NO,22.0,2.0,12.0,17.4,208.8,NO
2007,14.0,Kenny Watson CIN,29.0,6.0,16.0,13.0,207.6,CIN
2007,15.0,Steven Jackson STL,24.0,4.0,12.0,17.1,205.4,STL
2007,16.0,Marshawn Lynch BUF,21.0,1.0,13.0,14.9,194.2,BUF
2007,17.0,Ryan Grant GB,25.0,3.0,14.0,13.4,188.3,GB
2007,18.0,LenDale White TEN,23.0,2.0,16.0,11.5,184.2,TEN
2007,19.0,Chester Taylor MIN,28.0,6.0,14.0,13.1,183.5,MIN
2007,20.0,Willie Parker PIT,27.0,4.0,15.0,12.2,183.0,PIT
2007,21.0,Brandon Jacobs NYG,25.0,3.0,11.0,16.1,177.5,NYG
2007,22.0,Thomas Jones NYJ,29.0,8.0,16.0,10.8,173.6,NYJ
2007,23.0,Ronnie Brown MIA,26.0,3.0,7.0,24.0,168.1,MIA
2007,24.0,Justin Fargas OAK,27.0,5.0,14.0,11.9,166.7,OAK
2007,25.0,Adrian Peterson CHI,28.0,6.0,16.0,10.4,166.4,CHI
2007,26.0,Fred Taylor JAX,31.0,10.0,15.0,11.0,165.0,JAX
2007,27.0,Kevin Jones DET,25.0,4.0,13.0,12.2,158.8,DET
2007,28.0,Warrick Dunn ATL,32.0,11.0,16.0,9.8,156.6,ATL
2007,29.0,DeShaun Foster CAR,27.0,6.0,16.0,9.6,152.9,CAR
2007,30.0,DeAngelo Williams CAR,24.0,2.0,16.0,9.0,143.4,CAR
2007,34.0,Laurence Maroney NE,22.0,2.0,13.0,10.4,135.1,NE
2007,36.0,Larry Johnson KC,28.0,5.0,8.0,16.1,128.5,KC
2007,38.0,Derrick Ward NYG,27.0,4.0,8.0,16.0,128.1,NYG
2007,39.0,LaMont Jordan OAK,29.0,7.0,12.0,10.5,125.6,OAK
2007,40.0,Shaun Alexander SEA,30.0,8.0,13.0,9.5,123.2,SEA
2007,43.0,Kevin Faulk NE,31.0,9.0,16.0,7.4,118.1,NE
2007,44.0,Julius Jones DAL,26.0,4.0,16.0,7.1,113.7,DAL
2007,45.0,Leon Washington NYJ,25.0,2.0,16.0,7.0,112.0,NYJ
2007,46.0,Chris Brown TEN,26.0,5.0,12.0,9.0,108.2,TEN
2007,50.0,Rudi Johnson CIN,28.0,6.0,11.0,8.9,97.7,CIN
2007,54.0,Ladell Betts WAS,28.0,6.0,16.0,5.2,83.9,WAS
2007,59.0,Michael Pittman TB,32.0,10.0,10.0,7.4,73.9,TB
2007,60.0,Pierre Thomas NO,23.0,1.0,9.0,7.9,71.3,NO
2007,61.0,Fred Jackson BUF,26.0,1.0,8.0,8.9,71.0,BUF
2007,66.0,Brandon Jackson GB,22.0,1.0,9.0,6.9,61.7,GB
2007,79.0,Cadillac Williams TB,25.0,3.0,4.0,10.9,43.5,TB
2007,83.0,Darren Sproles SD,24.0,3.0,8.0,5.2,41.5,SD
2007,94.0,Ahmad Bradshaw NYG,21.0,1.0,6.0,4.7,28.2,NYG
2007,99.0,LeRon McClain BAL,23.0,1.0,12.0,1.9,22.3,BAL
2007,100.0,Mewelde Moore MIN,25.0,4.0,7.0,3.1,21.9,MIN
2007,102.0,Priest Holmes KC,34.0,11.0,4.0,5.1,20.4,KC
2007,107.0,Jerome Harrison CLE,24.0,2.0,4.0,4.5,18.1,CLE
2007,110.0,Marcel Shipp ARI,29.0,6.0,13.0,1.3,16.6,ARI
2007,116.0,Deuce McAllister NO,29.0,7.0,3.0,4.9,14.7,NO
2007,148.0,Ricky Williams MIA,30.0,9.0,1.0,1.5,1.5,MIA
2008,1.0,Matt Forte CHI,23.0,1.0,16.0,19.2,307.5,CHI
2008,2.0,DeAngelo Williams CAR,25.0,3.0,16.0,19.1,305.9,CAR
2008,3.0,Maurice Jones-Drew JAX,23.0,3.0,16.0,17.8,284.9,JAX
2008,4.0,Michael Turner ATL,26.0,5.0,16.0,17.6,282.0,ATL
2008,5.0,Thomas Jones NYJ,30.0,9.0,16.0,17.4,277.9,NYJ
2008,6.0,LaDainian Tomlinson SD,29.0,8.0,16.0,17.4,277.6,SD
2008,7.0,Steve Slaton HOU,22.0,1.0,16.0,17.2,275.9,HOU
2008,8.0,Brian Westbrook PHI,29.0,7.0,14.0,19.4,271.8,PHI
2008,9.0,Adrian Peterson MIN,23.0,2.0,16.0,16.8,269.2,MIN
2008,10.0,Clinton Portis WAS,27.0,7.0,16.0,15.8,252.5,WAS
2008,11.0,Chris Johnson TEN,23.0,1.0,15.0,16.8,251.8,TEN
2008,12.0,Marion Barber DAL,25.0,4.0,15.0,15.7,236.2,DAL
2008,13.0,Marshawn Lynch BUF,22.0,2.0,15.0,15.7,235.7,BUF
2008,14.0,Frank Gore SF,25.0,4.0,14.0,16.6,231.9,SF
2008,15.0,Steven Jackson STL,25.0,5.0,12.0,19.2,230.2,STL
2008,16.0,Ronnie Brown MIA,27.0,4.0,16.0,13.5,215.2,MIA
2008,17.0,Kevin Smith DET,22.0,1.0,16.0,13.3,213.1,DET
2008,18.0,Brandon Jacobs NYG,26.0,4.0,13.0,16.0,208.5,NYG
2008,19.0,Pierre Thomas NO,24.0,2.0,14.0,13.8,193.9,NO
2008,20.0,Derrick Ward NYG,28.0,5.0,16.0,12.1,193.9,NYG
2008,21.0,Kevin Faulk NE,32.0,10.0,15.0,12.9,193.2,NE
2008,22.0,LeRon McClain BAL,24.0,2.0,16.0,11.8,188.0,BAL
2008,23.0,Dominic Rhodes IND,29.0,8.0,15.0,12.2,183.0,IND
2008,24.0,Ryan Grant GB,26.0,4.0,16.0,11.2,179.9,GB
2008,25.0,Leon Washington NYJ,26.0,3.0,16.0,11.0,175.3,NYJ
2008,26.0,LenDale White TEN,24.0,3.0,16.0,10.9,173.9,TEN
2008,27.0,Reggie Bush NO,23.0,3.0,10.0,17.2,172.4,NO
2008,28.0,Warrick Dunn TB,33.0,12.0,15.0,11.4,170.6,TB
2008,29.0,Mewelde Moore PIT,26.0,5.0,14.0,11.9,166.8,PIT
2008,30.0,Jamal Lewis CLE,29.0,9.0,16.0,10.3,165.0,CLE
2008,31.0,Chester Taylor MIN,29.0,7.0,16.0,10.3,165.0,MIN
2008,32.0,Jonathan Stewart CAR,21.0,1.0,16.0,9.8,156.2,CAR
2008,33.0,Tim Hightower ARI,22.0,1.0,16.0,9.7,155.9,ARI
2008,35.0,Willis McGahee BAL,27.0,5.0,13.0,11.6,150.4,BAL
2008,37.0,Ricky Williams MIA,31.0,10.0,16.0,9.2,146.8,MIA
2008,38.0,Fred Jackson BUF,27.0,2.0,15.0,9.5,142.7,BUF
2008,39.0,Joseph Addai IND,25.0,3.0,12.0,11.8,142.0,IND
2008,40.0,Larry Johnson KC,29.0,6.0,12.0,11.7,141.0,KC
2008,41.0,Darren Sproles SD,25.0,4.0,15.0,8.8,132.2,SD
2008,42.0,Darren McFadden OAK,21.0,1.0,13.0,10.1,131.4,OAK
2008,43.0,Cedric Benson CIN,26.0,4.0,12.0,10.4,125.2,CIN
2008,44.0,Earnest Graham TB,28.0,5.0,10.0,12.5,124.8,TB
2008,46.0,Willie Parker PIT,28.0,5.0,11.0,10.4,114.4,PIT
2008,47.0,Deuce McAllister NO,30.0,8.0,13.0,8.4,108.6,NO
2008,48.0,Justin Fargas OAK,28.0,6.0,14.0,7.6,106.7,OAK
2008,49.0,Ray Rice BAL,21.0,1.0,13.0,8.1,105.7,BAL
2008,54.0,Jamaal Charles KC,22.0,1.0,16.0,6.0,95.9,KC
2008,55.0,Michael Bush OAK,24.0,2.0,11.0,8.7,95.4,OAK
2008,56.0,Edgerrin James ARI,30.0,10.0,13.0,6.9,89.9,ARI
2008,57.0,Fred Taylor JAX,32.0,11.0,13.0,6.7,87.4,JAX
2008,59.0,Brandon Jackson GB,23.0,2.0,13.0,6.1,79.3,GB
2008,62.0,Ladell Betts WAS,29.0,7.0,13.0,5.3,68.6,WAS
2008,67.0,BenJarvus Green-Ellis NE,23.0,1.0,7.0,8.9,62.3,NE
2008,71.0,Jerome Harrison CLE,25.0,3.0,15.0,4.0,60.2,CLE
2008,72.0,Cadillac Williams TB,26.0,4.0,6.0,9.8,58.6,TB
2008,73.0,Ahmad Bradshaw NYG,22.0,2.0,11.0,5.2,56.7,NYG
2008,75.0,Tatum Bell DEN,27.0,5.0,6.0,8.8,52.6,DEN
2008,78.0,Felix Jones DAL,21.0,1.0,5.0,9.5,47.6,DAL
2008,83.0,Mike Tolbert SD,23.0,1.0,9.0,4.4,39.8,SD
2008,99.0,Adrian Peterson CHI,29.0,7.0,7.0,2.9,20.5,CHI
2008,124.0,Rashard Mendenhall PIT,21.0,1.0,3.0,3.2,9.5,PIT
2008,125.0,Laurence Maroney NE,23.0,3.0,3.0,3.1,9.3,NE
2008,128.0,Kenny Watson CIN,30.0,7.0,7.0,1.3,8.9,CIN
2008,145.0,Nick Goings CAR,30.0,8.0,5.0,0.8,4.1,CAR
2009,1.0,Chris Johnson TEN,24.0,2.0,16.0,24.8,396.9,TEN
2009,2.0,Adrian Peterson MIN,24.0,3.0,16.0,20.8,333.5,MIN
2009,3.0,Ray Rice BAL,22.0,2.0,16.0,20.6,330.1,BAL
2009,4.0,Maurice Jones-Drew JAX,24.0,4.0,16.0,20.3,325.5,JAX
2009,5.0,Frank Gore SF,26.0,5.0,14.0,20.2,282.6,SF
2009,6.0,Joseph Addai IND,26.0,4.0,15.0,16.7,250.3,IND
2009,7.0,Ricky Williams MIA,32.0,11.0,16.0,15.6,249.5,MIA
2009,8.0,Steven Jackson STL,26.0,6.0,15.0,16.5,247.8,STL
2009,9.0,Thomas Jones NYJ,31.0,10.0,16.0,15.0,240.0,NYJ
2009,10.0,Ryan Grant GB,27.0,5.0,16.0,14.8,236.0,GB
2009,11.0,Jamaal Charles KC,23.0,2.0,15.0,15.3,229.7,KC
2009,12.0,Matt Forte CHI,24.0,2.0,16.0,13.8,221.0,CHI
2009,13.0,Fred Jackson BUF,28.0,3.0,16.0,13.6,218.4,BUF
2009,14.0,Tim Hightower ARI,23.0,2.0,16.0,13.4,213.6,ARI
2009,15.0,Jonathan Stewart CAR,22.0,2.0,16.0,13.2,211.2,CAR
2009,16.0,Rashard Mendenhall PIT,22.0,2.0,15.0,14.0,209.9,PIT
2009,17.0,DeAngelo Williams CAR,26.0,4.0,13.0,16.0,207.9,CAR
2009,18.0,Knowshon Moreno DEN,22.0,1.0,16.0,12.4,198.0,DEN
2009,19.0,Pierre Thomas NO,25.0,3.0,14.0,14.0,196.5,NO
2009,20.0,Cedric Benson CIN,27.0,5.0,13.0,14.6,189.2,CIN
2009,21.0,Kevin Smith DET,23.0,2.0,13.0,14.3,185.6,DET
2009,22.0,Jerome Harrison CLE,26.0,4.0,14.0,13.2,184.2,CLE
2009,23.0,Marion Barber DAL,26.0,5.0,15.0,12.2,183.3,DAL
2009,24.0,LaDainian Tomlinson SD,30.0,9.0,14.0,12.9,180.4,SD
2009,25.0,Cadillac Williams TB,27.0,5.0,16.0,10.9,174.5,TB
2009,26.0,Steve Slaton HOU,23.0,2.0,11.0,15.6,171.4,HOU
2009,27.0,Darren Sproles SD,26.0,5.0,16.0,10.7,171.0,SD
2009,28.0,Justin Forsett SEA,24.0,2.0,16.0,10.5,167.9,SEA
2009,29.0,Reggie Bush NO,24.0,4.0,14.0,12.0,167.5,NO
2009,30.0,Willis McGahee BAL,28.0,6.0,15.0,10.8,161.9,BAL
2009,31.0,Ahmad Bradshaw NYG,23.0,3.0,15.0,10.8,161.5,NYG
2009,32.0,LeSean McCoy PHI,21.0,1.0,16.0,9.9,158.5,PHI
2009,33.0,Brandon Jacobs NYG,27.0,5.0,15.0,10.4,155.9,NYG
2009,34.0,Michael Turner ATL,27.0,6.0,11.0,14.1,155.6,ATL
2009,35.0,Laurence Maroney NE,24.0,4.0,15.0,10.2,153.6,NE
2009,37.0,Chris Wells ARI,21.0,1.0,16.0,9.2,147.6,ARI
2009,39.0,Ronnie Brown MIA,28.0,5.0,9.0,15.7,141.5,MIA
2009,40.0,Chester Taylor MIN,30.0,8.0,16.0,8.0,128.1,MIN
2009,42.0,Kevin Faulk NE,33.0,11.0,15.0,7.9,118.6,NE
2009,43.0,Felix Jones DAL,22.0,2.0,14.0,8.4,117.4,DAL
2009,44.0,Michael Bush OAK,25.0,3.0,15.0,7.0,104.4,OAK
2009,45.0,Marshawn Lynch BUF,23.0,3.0,13.0,7.9,102.9,BUF
2009,48.0,Justin Fargas OAK,29.0,7.0,12.0,8.0,95.4,OAK
2009,51.0,Darren McFadden OAK,22.0,2.0,12.0,7.3,87.1,OAK
2009,53.0,Brian Westbrook PHI,30.0,8.0,8.0,10.3,82.5,PHI
2009,58.0,Clinton Portis WAS,28.0,8.0,8.0,9.5,76.1,WAS
2009,59.0,Mike Tolbert SD,24.0,2.0,12.0,6.2,75.0,SD
2009,60.0,Donald Brown IND,22.0,1.0,11.0,6.7,74.0,IND
2009,61.0,Brandon Jackson GB,24.0,3.0,11.0,6.3,68.8,GB
2009,63.0,Ladell Betts WAS,30.0,8.0,10.0,6.8,67.9,WAS
2009,64.0,Jamal Lewis CLE,30.0,10.0,9.0,7.4,66.8,CLE
2009,66.0,Shonn Greene NYJ,24.0,1.0,13.0,5.1,66.1,NYJ
2009,67.0,LeRon McClain BAL,25.0,3.0,16.0,4.1,65.1,BAL
2009,68.0,Mewelde Moore PIT,27.0,6.0,15.0,4.3,64.3,PIT
2009,70.0,Leon Washington NYJ,27.0,4.0,7.0,8.7,61.1,NYJ
2009,71.0,Arian Foster HOU,23.0,1.0,4.0,15.2,61.0,HOU
2009,73.0,Willie Parker PIT,29.0,6.0,13.0,4.4,57.3,PIT
2009,82.0,LenDale White TEN,25.0,4.0,13.0,3.0,38.6,TEN
2009,88.0,Earnest Graham TB,29.0,6.0,11.0,2.9,31.5,TB
2009,93.0,Ahman Green GB,32.0,12.0,7.0,3.8,26.8,GB
2009,118.0,BenJarvus Green-Ellis NE,24.0,2.0,6.0,2.4,14.5,NE
2009,133.0,Adrian Peterson CHI,30.0,8.0,3.0,2.7,8.2,CHI
2010,1.0,Arian Foster HOU,24.0,2.0,16.0,24.7,395.8,HOU
2010,2.0,Peyton Hillis CLE,24.0,3.0,16.0,19.1,304.9,CLE
2010,3.0,LeSean McCoy PHI,22.0,2.0,15.0,19.9,299.2,PHI
2010,4.0,Jamaal Charles KC,24.0,3.0,16.0,17.9,286.5,KC
2010,5.0,Adrian Peterson MIN,25.0,4.0,15.0,18.5,277.9,MIN
2010,6.0,Chris Johnson TEN,25.0,3.0,16.0,17.3,276.9,TEN
2010,7.0,Ray Rice BAL,23.0,3.0,16.0,17.3,276.9,BAL
2010,8.0,Darren McFadden OAK,23.0,3.0,13.0,21.0,273.4,OAK
2010,9.0,Matt Forte CHI,25.0,3.0,16.0,16.7,266.6,CHI
2010,10.0,Ahmad Bradshaw NYG,24.0,4.0,16.0,15.6,249.9,NYG
2010,11.0,Rashard Mendenhall PIT,23.0,3.0,16.0,15.3,245.1,PIT
2010,12.0,Steven Jackson STL,27.0,7.0,16.0,15.3,244.4,STL
2010,13.0,Maurice Jones-Drew JAX,25.0,5.0,14.0,17.0,238.1,JAX
2010,14.0,Michael Turner ATL,28.0,7.0,16.0,14.4,229.6,ATL
2010,15.0,LaDainian Tomlinson NYJ,31.0,10.0,15.0,14.4,216.2,NYJ
2010,16.0,Frank Gore SF,27.0,6.0,11.0,18.8,206.5,SF
2010,17.0,Cedric Benson CIN,28.0,6.0,16.0,12.8,204.9,CIN
2010,18.0,Knowshon Moreno DEN,23.0,2.0,13.0,15.4,200.1,DEN
2010,19.0,BenJarvus Green-Ellis NE,25.0,3.0,16.0,12.5,199.3,NE
2010,20.0,Jahvid Best DET,21.0,1.0,15.0,13.3,199.0,DET
2010,21.0,Fred Jackson BUF,29.0,4.0,16.0,11.7,187.2,BUF
2010,22.0,Mike Tolbert SD,25.0,3.0,15.0,12.4,186.1,SD
2010,23.0,Felix Jones DAL,23.0,3.0,16.0,11.6,185.0,DAL
2010,24.0,Brandon Jackson GB,25.0,4.0,16.0,10.7,171.5,GB
2010,25.0,Danny Woodhead NE,25.0,3.0,14.0,11.6,162.6,NE
2010,26.0,Ronnie Brown MIA,29.0,6.0,16.0,10.0,160.6,MIA
2010,27.0,Thomas Jones KC,32.0,11.0,16.0,9.5,151.8,KC
2010,28.0,Michael Bush OAK,26.0,4.0,14.0,10.8,150.9,OAK
2010,29.0,Darren Sproles SD,27.0,6.0,16.0,9.4,150.0,SD
2010,30.0,Brandon Jacobs NYG,28.0,6.0,16.0,9.3,149.2,NYG
2010,32.0,Ryan Mathews SD,23.0,1.0,12.0,12.2,146.0,SD
2010,33.0,Cadillac Williams TB,28.0,6.0,16.0,9.0,143.2,TB
2010,36.0,Tim Hightower ARI,24.0,3.0,16.0,8.6,138.2,ARI
2010,40.0,Justin Forsett SEA,25.0,3.0,16.0,7.6,122.2,SEA
2010,41.0,Ricky Williams MIA,33.0,12.0,16.0,7.4,118.4,MIA
2010,43.0,Shonn Greene NYJ,25.0,2.0,15.0,7.8,116.6,NYJ
2010,44.0,Jonathan Stewart CAR,23.0,3.0,14.0,8.1,113.3,CAR
2010,46.0,Joseph Addai IND,27.0,5.0,8.0,13.1,104.9,IND
2010,48.0,Donald Brown IND,23.0,2.0,13.0,7.9,102.2,IND
2010,51.0,Willis McGahee BAL,29.0,7.0,15.0,6.2,93.2,BAL
2010,54.0,Pierre Thomas NO,26.0,4.0,6.0,14.7,88.0,NO
2010,56.0,Marion Barber DAL,27.0,6.0,13.0,5.9,77.3,DAL
2010,58.0,Reggie Bush NO,25.0,5.0,8.0,9.5,75.8,NO
2010,59.0,C.J. Spiller BUF,23.0,1.0,14.0,5.3,74.0,BUF
2010,63.0,Chris Wells ARI,22.0,2.0,13.0,4.9,64.1,ARI
2010,66.0,DeAngelo Williams CAR,27.0,5.0,6.0,9.9,59.2,CAR
2010,67.0,Mewelde Moore PIT,28.0,7.0,14.0,4.0,56.4,PIT
2010,68.0,Earnest Graham TB,30.0,7.0,11.0,5.0,55.0,TB
2010,76.0,Clinton Portis WAS,29.0,9.0,5.0,9.0,45.2,WAS
2010,79.0,LeRon McClain BAL,26.0,4.0,14.0,3.1,42.9,BAL
2010,83.0,Kevin Smith DET,24.0,3.0,6.0,6.0,35.8,DET
2010,99.0,Dominic Rhodes IND,31.0,10.0,3.0,6.2,18.6,IND
2010,105.0,Kevin Faulk NE,34.0,12.0,2.0,8.4,16.7,NE
2010,114.0,James Starks GB,24.0,1.0,3.0,4.5,13.6,GB
2010,115.0,Steve Slaton HOU,24.0,3.0,5.0,2.7,13.4,HOU
2010,134.0,Ryan Grant GB,28.0,6.0,1.0,4.5,4.5,GB
2011,1.0,Ray Rice BAL,24.0,4.0,16.0,23.6,376.8,BAL
2011,2.0,LeSean McCoy PHI,23.0,3.0,15.0,22.0,330.4,PHI
2011,3.0,Arian Foster HOU,25.0,3.0,13.0,23.8,309.1,HOU
2011,4.0,Maurice Jones-Drew JAX,26.0,6.0,16.0,19.2,307.0,JAX
2011,5.0,Darren Sproles NO,28.0,7.0,16.0,17.0,271.3,NO
2011,6.0,Marshawn Lynch SEA,25.0,5.0,15.0,16.5,247.6,SEA
2011,7.0,Ryan Mathews SD,24.0,2.0,14.0,17.2,240.6,SD
2011,8.0,Michael Turner ATL,29.0,8.0,16.0,14.6,233.8,ATL
2011,9.0,Chris Johnson TEN,26.0,4.0,16.0,14.2,227.5,TEN
2011,10.0,Steven Jackson STL,28.0,8.0,15.0,15.1,225.8,STL
2011,11.0,Matt Forte CHI,26.0,4.0,12.0,18.7,224.7,CHI
2011,12.0,Michael Bush OAK,27.0,5.0,16.0,14.0,224.5,OAK
2011,13.0,Reggie Bush MIA,26.0,6.0,15.0,14.9,223.2,MIA
2011,14.0,Fred Jackson BUF,30.0,5.0,10.0,21.3,212.6,BUF
2011,15.0,Adrian Peterson MIN,26.0,5.0,12.0,17.3,207.2,MIN
2011,16.0,Mike Tolbert SD,26.0,4.0,15.0,13.8,206.5,SD
2011,17.0,Frank Gore SF,28.0,7.0,16.0,12.3,197.5,SF
2011,18.0,Jonathan Stewart CAR,24.0,4.0,16.0,12.2,194.4,CAR
2011,19.0,Ahmad Bradshaw NYG,25.0,5.0,12.0,16.0,192.6,NYG
2011,20.0,Shonn Greene NYJ,26.0,3.0,16.0,12.0,192.5,NYJ
2011,21.0,Pierre Thomas NO,27.0,5.0,16.0,11.5,184.7,NO
2011,22.0,Rashard Mendenhall PIT,24.0,4.0,15.0,12.0,180.2,PIT
2011,23.0,Chris Wells ARI,23.0,3.0,14.0,12.8,179.9,ARI
2011,24.0,Roy Helu WAS,23.0,1.0,15.0,11.3,168.9,WAS
2011,25.0,Willis McGahee DEN,30.0,8.0,15.0,11.1,167.0,DEN
2011,26.0,Cedric Benson CIN,29.0,7.0,15.0,11.1,165.9,CIN
2011,27.0,C.J. Spiller BUF,24.0,2.0,16.0,9.9,158.0,BUF
2011,28.0,BenJarvus Green-Ellis NE,26.0,4.0,16.0,9.8,157.6,NE
2011,29.0,DeAngelo Williams CAR,28.0,6.0,16.0,9.7,155.1,CAR
2011,30.0,DeMarco Murray DAL,23.0,1.0,13.0,11.2,145.8,DAL
2011,32.0,Ben Tate HOU,23.0,2.0,15.0,9.4,141.0,HOU
2011,34.0,Brandon Jacobs NYG,29.0,7.0,14.0,9.5,132.9,NYG
2011,35.0,LaDainian Tomlinson NYJ,32.0,11.0,14.0,9.5,132.9,NYJ
2011,36.0,Darren McFadden OAK,24.0,4.0,7.0,18.0,125.8,OAK
2011,37.0,Ryan Grant GB,29.0,7.0,15.0,8.0,119.7,GB
2011,38.0,Donald Brown IND,24.0,3.0,12.0,9.9,119.1,IND
2011,40.0,Felix Jones DAL,24.0,4.0,12.0,9.9,118.8,DAL
2011,41.0,Kevin Smith DET,25.0,4.0,7.0,16.8,117.5,DET
2011,42.0,James Starks GB,25.0,2.0,13.0,8.8,114.4,GB
2011,43.0,Jahvid Best DET,22.0,2.0,6.0,18.8,112.7,DET
2011,44.0,Peyton Hillis CLE,25.0,4.0,10.0,11.2,111.7,CLE
2011,46.0,Mark Ingram II NO,22.0,1.0,10.0,9.3,93.0,NO
2011,57.0,Danny Woodhead NE,26.0,4.0,14.0,5.3,74.8,NE
2011,58.0,Joseph Addai IND,28.0,6.0,12.0,6.1,73.6,IND
2011,60.0,Jacquizz Rodgers ATL,21.0,1.0,16.0,4.5,72.3,ATL
2011,67.0,Earnest Graham TB,31.0,8.0,7.0,9.0,62.9,TB
2011,70.0,Thomas Jones KC,33.0,12.0,16.0,3.6,57.1,KC
2011,72.0,Justin Forsett SEA,26.0,4.0,16.0,3.5,56.3,SEA
2011,73.0,Stevan Ridley NE,22.0,1.0,12.0,4.5,54.4,NE
2011,80.0,Knowshon Moreno DEN,24.0,3.0,7.0,6.4,45.0,DEN
2011,82.0,Mewelde Moore PIT,29.0,8.0,12.0,3.6,43.1,PIT
2011,102.0,Jamaal Charles KC,25.0,4.0,2.0,10.1,20.2,KC
2011,110.0,Kevin Faulk NE,35.0,13.0,5.0,3.2,16.1,NE
2011,119.0,Shane Vereen NE,22.0,1.0,2.0,5.8,11.7,NE
2011,138.0,Bilal Powell NYJ,23.0,1.0,2.0,1.9,3.8,NYJ
2012,1.0,Adrian Peterson MIN,27.0,6.0,16.0,21.8,349.4,MIN
2012,2.0,Doug Martin TB,23.0,1.0,16.0,19.6,313.6,TB
2012,3.0,Arian Foster HOU,26.0,4.0,16.0,19.0,304.8,HOU
2012,4.0,Ray Rice BAL,25.0,5.0,16.0,17.7,283.1,BAL
2012,5.0,Marshawn Lynch SEA,26.0,6.0,16.0,17.1,273.6,SEA
2012,6.0,C.J. Spiller BUF,25.0,3.0,16.0,16.3,261.3,BUF
2012,7.0,Alfred Morris WAS,24.0,1.0,16.0,16.1,257.3,WAS
2012,8.0,Trent Richardson CLE,22.0,1.0,15.0,17.0,254.7,CLE
2012,9.0,Jamaal Charles KC,26.0,5.0,16.0,15.4,246.9,KC
2012,10.0,Frank Gore SF,29.0,8.0,16.0,14.2,226.6,SF
2012,11.0,Matt Forte CHI,27.0,5.0,15.0,14.9,223.4,CHI
2012,12.0,Chris Johnson TEN,27.0,5.0,16.0,13.7,218.9,TEN
2012,13.0,Darren Sproles NO,29.0,8.0,13.0,16.5,214.1,NO
2012,14.0,Reggie Bush MIA,27.0,7.0,16.0,13.2,210.8,MIA
2012,15.0,Stevan Ridley NE,23.0,2.0,16.0,13.1,209.4,NE
2012,16.0,LeSean McCoy PHI,24.0,4.0,12.0,17.1,205.3,PHI
2012,17.0,Steven Jackson STL,29.0,9.0,16.0,12.4,198.3,STL
2012,18.0,Mikel Leshoure DET,22.0,2.0,14.0,13.5,189.2,DET
2012,19.0,Shonn Greene NYJ,27.0,4.0,16.0,11.8,188.4,NYJ
2012,20.0,Ahmad Bradshaw NYG,26.0,6.0,14.0,13.2,185.0,NYG
2012,21.0,Michael Turner ATL,30.0,9.0,16.0,11.1,178.1,ATL
2012,22.0,BenJarvus Green-Ellis CIN,27.0,5.0,15.0,11.9,177.8,CIN
2012,23.0,Joique Bell DET,26.0,3.0,16.0,10.0,159.9,DET
2012,24.0,Danny Woodhead NE,27.0,5.0,15.0,10.4,156.7,NE
2012,25.0,Darren McFadden OAK,25.0,5.0,12.0,13.0,156.5,OAK
2012,26.0,DeMarco Murray DAL,24.0,2.0,10.0,14.9,149.0,DAL
2012,27.0,DeAngelo Williams CAR,29.0,7.0,16.0,9.2,147.4,CAR
2012,28.0,Willis McGahee DEN,31.0,9.0,10.0,14.5,145.2,DEN
2012,29.0,Jacquizz Rodgers ATL,22.0,2.0,16.0,8.8,141.4,ATL
2012,30.0,Ryan Mathews SD,25.0,3.0,12.0,11.7,140.9,SD
2012,32.0,Pierre Thomas NO,28.0,6.0,15.0,8.9,133.7,NO
2012,34.0,Fred Jackson BUF,31.0,6.0,10.0,12.3,123.4,BUF
2012,35.0,Felix Jones DAL,25.0,5.0,16.0,7.7,122.8,DAL
2012,36.0,Knowshon Moreno DEN,25.0,4.0,8.0,14.3,114.5,DEN
2012,42.0,Mark Ingram II NO,23.0,2.0,16.0,6.2,99.1,NO
2012,44.0,Bilal Powell NYJ,24.0,2.0,14.0,7.0,98.7,NYJ
2012,51.0,Jonathan Stewart CAR,25.0,5.0,9.0,8.7,78.3,CAR
2012,53.0,Maurice Jones-Drew JAX,27.0,7.0,6.0,12.7,76.0,JAX
2012,58.0,Shane Vereen NE,23.0,2.0,11.0,6.5,72.0,NE
2012,60.0,Donald Brown IND,25.0,4.0,10.0,6.6,66.0,IND
2012,65.0,Chris Wells ARI,24.0,4.0,8.0,7.1,56.8,ARI
2012,66.0,Ben Tate HOU,24.0,3.0,11.0,5.1,55.8,HOU
2012,67.0,Ronnie Hillman DEN,21.0,1.0,14.0,3.9,54.9,DEN
2012,77.0,Kevin Smith DET,26.0,5.0,9.0,4.8,43.3,DET
2012,82.0,Lamar Miller MIA,21.0,1.0,9.0,4.6,41.5,MIA
2012,84.0,James Starks GB,26.0,3.0,6.0,6.4,38.6,GB
2012,85.0,Rashard Mendenhall PIT,25.0,5.0,6.0,6.4,38.4,PIT
2012,123.0,Roy Helu WAS,24.0,2.0,3.0,3.9,11.7,WAS
2012,147.0,Matt Asiata MIN,25.0,1.0,3.0,0.7,2.1,MIN
2013,1.0,Jamaal Charles KC,27.0,6.0,15.0,25.5,382.1,KC
2013,2.0,Matt Forte CHI,28.0,6.0,16.0,21.3,340.3,CHI
2013,3.0,LeSean McCoy PHI,25.0,5.0,16.0,20.8,332.7,PHI
2013,4.0,Knowshon Moreno DEN,26.0,5.0,16.0,18.5,296.7,DEN
2013,5.0,Marshawn Lynch SEA,27.0,7.0,16.0,17.3,277.3,SEA
2013,6.0,DeMarco Murray DAL,25.0,3.0,14.0,18.6,260.2,DAL
2013,7.0,Reggie Bush DET,28.0,8.0,14.0,17.7,247.2,DET
2013,8.0,Eddie Lacy GB,22.0,1.0,15.0,16.3,244.5,GB
2013,9.0,Chris Johnson TEN,28.0,6.0,16.0,15.3,244.2,TEN
2013,10.0,Adrian Peterson MIN,28.0,7.0,14.0,17.0,238.7,MIN
2013,11.0,Fred Jackson BUF,32.0,7.0,16.0,14.6,233.1,BUF
2013,12.0,Danny Woodhead SD,28.0,6.0,16.0,14.2,227.0,SD
2013,13.0,Giovani Bernard CIN,22.0,1.0,16.0,14.1,224.9,CIN
2013,14.0,Joique Bell DET,27.0,4.0,16.0,13.8,220.7,DET
2013,15.0,Le'Veon Bell PIT,21.0,1.0,13.0,16.9,219.8,PIT
2013,16.0,Pierre Thomas NO,29.0,7.0,16.0,13.3,213.2,NO
2013,17.0,Ryan Mathews SD,26.0,4.0,16.0,13.3,212.4,SD
2013,18.0,Frank Gore SF,30.0,9.0,16.0,12.3,196.9,SF
2013,19.0,Maurice Jones-Drew JAX,28.0,8.0,15.0,12.6,189.0,JAX
2013,20.0,Alfred Morris WAS,25.0,2.0,16.0,11.6,186.3,WAS
2013,21.0,Zac Stacy STL,22.0,1.0,13.0,14.3,185.4,STL
2013,22.0,Ray Rice BAL,26.0,6.0,15.0,12.0,180.1,BAL
2013,23.0,Darren Sproles NO,30.0,9.0,15.0,11.8,177.4,NO
2013,24.0,Rashad Jennings OAK,28.0,5.0,15.0,11.6,174.5,OAK
2013,25.0,DeAngelo Williams CAR,30.0,8.0,15.0,11.2,167.6,CAR
2013,26.0,Andre Ellington ARI,24.0,1.0,15.0,11.0,165.3,ARI
2013,27.0,C.J. Spiller BUF,26.0,4.0,15.0,10.6,158.4,BUF
2013,28.0,Donald Brown IND,26.0,5.0,15.0,10.0,150.1,IND
2013,29.0,Cordarrelle Patterson MIN,22.0,1.0,16.0,9.4,149.7,MIN
2013,30.0,Ben Tate HOU,25.0,4.0,14.0,10.6,149.1,HOU
2013,31.0,Steven Jackson ATL,30.0,10.0,12.0,12.4,148.3,ATL
2013,34.0,Jacquizz Rodgers ATL,23.0,3.0,15.0,9.6,143.4,ATL
2013,35.0,Bilal Powell NYJ,25.0,3.0,16.0,8.8,140.1,NYJ
2013,36.0,Stevan Ridley NE,24.0,3.0,14.0,9.7,135.5,NE
2013,37.0,Shane Vereen NE,24.0,3.0,8.0,16.8,134.5,NE
2013,38.0,Lamar Miller MIA,22.0,2.0,16.0,7.9,125.9,MIA
2013,39.0,LeGarrette Blount NE,27.0,4.0,16.0,7.8,125.0,NE
2013,40.0,BenJarvus Green-Ellis CIN,28.0,6.0,16.0,7.7,123.8,CIN
2013,47.0,Roy Helu WAS,25.0,3.0,16.0,6.7,107.5,WAS
2013,48.0,Arian Foster HOU,27.0,5.0,8.0,13.3,106.5,HOU
2013,49.0,Chris Ivory NYJ,25.0,4.0,15.0,7.0,104.3,NYJ
2013,50.0,Darren McFadden OAK,26.0,6.0,10.0,10.0,100.3,OAK
2013,53.0,James Starks GB,27.0,4.0,13.0,7.1,92.2,GB
2013,57.0,Doug Martin TB,24.0,2.0,6.0,11.7,70.2,TB
2013,66.0,Mark Ingram II NO,24.0,3.0,11.0,5.3,58.4,NO
2013,70.0,Ronnie Hillman DEN,22.0,2.0,9.0,5.7,51.7,DEN
2013,71.0,Brandon Jacobs NYG,31.0,9.0,7.0,7.3,51.1,NYG
2013,78.0,Ahmad Bradshaw IND,27.0,7.0,3.0,13.9,41.8,IND
2013,79.0,Matt Asiata MIN,26.0,2.0,2.0,20.4,40.9,MIN
2013,94.0,Jonathan Stewart CAR,26.0,6.0,6.0,4.9,29.4,CAR
2013,113.0,Theo Riddick DET,22.0,1.0,9.0,1.7,15.1,DET
2013,144.0,C.J. Anderson DEN,22.0,2.0,2.0,1.9,3.8,DEN
2013,158.0,Mikel Leshoure DET,23.0,3.0,1.0,0.9,0.9,DET
2014,1.0,Le'Veon Bell PIT,22.0,2.0,16.0,23.2,370.5,PIT
2014,2.0,DeMarco Murray DAL,26.0,4.0,16.0,22.6,361.1,DAL
2014,3.0,Matt Forte CHI,29.0,7.0,16.0,21.7,346.6,CHI
2014,4.0,Marshawn Lynch SEA,28.0,8.0,16.0,19.1,306.3,SEA
2014,5.0,Arian Foster HOU,28.0,6.0,13.0,21.3,277.5,HOU
2014,6.0,Eddie Lacy GB,23.0,2.0,16.0,17.3,276.6,GB
2014,7.0,Jamaal Charles KC,28.0,7.0,15.0,17.1,257.0,KC
2014,8.0,Justin Forsett BAL,29.0,7.0,16.0,15.3,244.9,BAL
2014,9.0,Lamar Miller MIA,23.0,3.0,16.0,14.3,229.4,MIA
2014,10.0,Jeremy Hill CIN,22.0,1.0,16.0,13.4,214.9,CIN
2014,11.0,C.J. Anderson DEN,23.0,3.0,14.0,15.1,211.3,DEN
2014,12.0,LeSean McCoy PHI,26.0,6.0,16.0,13.0,207.4,PHI
2014,13.0,Joique Bell DET,28.0,5.0,15.0,13.3,200.2,DET
2014,14.0,Mark Ingram II NO,25.0,4.0,13.0,14.9,193.9,NO
2014,15.0,Matt Asiata MIN,27.0,3.0,15.0,12.8,192.2,MIN
2014,16.0,Giovani Bernard CIN,23.0,2.0,13.0,14.5,187.9,CIN
2014,17.0,Alfred Morris WAS,26.0,3.0,16.0,11.7,187.9,WAS
2014,18.0,Fred Jackson BUF,33.0,8.0,14.0,13.3,186.7,BUF
2014,19.0,Andre Ellington ARI,25.0,2.0,12.0,15.1,181.5,ARI
2014,20.0,Shane Vereen NE,25.0,4.0,16.0,10.4,166.8,NE
2014,21.0,Frank Gore SF,31.0,10.0,16.0,10.2,162.4,SF
2014,22.0,Ahmad Bradshaw IND,28.0,8.0,10.0,15.8,158.5,IND
2014,23.0,Chris Ivory NYJ,26.0,5.0,16.0,9.6,154.3,NYJ
2014,24.0,Jonathan Stewart CAR,27.0,7.0,13.0,11.4,148.3,CAR
2014,25.0,Darren Sproles PHI,31.0,10.0,15.0,9.8,147.6,PHI
2014,26.0,Branden Oliver SD,23.0,1.0,14.0,10.4,145.3,SD
2014,27.0,Andre Williams NYG,22.0,1.0,16.0,9.1,145.0,NYG
2014,28.0,Steven Jackson ATL,31.0,11.0,15.0,9.4,141.5,ATL
2014,29.0,Rashad Jennings NYG,29.0,6.0,11.0,12.8,140.5,NYG
2014,30.0,Tre Mason STL,21.0,1.0,12.0,11.4,137.3,STL
2014,31.0,Roy Helu WAS,26.0,4.0,13.0,9.9,129.3,WAS
2014,33.0,Isaiah Crowell CLE,21.0,1.0,15.0,8.4,126.4,CLE
2014,34.0,Pierre Thomas NO,30.0,8.0,11.0,11.2,123.0,NO
2014,35.0,Darren McFadden OAK,27.0,7.0,16.0,7.7,122.6,OAK
2014,42.0,Reggie Bush DET,29.0,9.0,11.0,9.7,107.0,DET
2014,43.0,Ronnie Hillman DEN,23.0,3.0,8.0,12.8,102.3,DEN
2014,47.0,Cordarrelle Patterson MIN,23.0,2.0,16.0,5.9,95.1,MIN
2014,48.0,Theo Riddick DET,23.0,2.0,13.0,7.3,94.7,DET
2014,49.0,Jerick McKinnon MIN,22.0,1.0,11.0,8.6,94.3,MIN
2014,50.0,Devonta Freeman ATL,22.0,1.0,16.0,5.6,89.3,ATL
2014,51.0,Latavius Murray OAK,24.0,2.0,10.0,8.6,85.7,OAK
2014,53.0,Doug Martin TB,25.0,3.0,11.0,7.3,80.8,TB
2014,54.0,Jacquizz Rodgers ATL,24.0,4.0,16.0,5.0,80.0,ATL
2014,59.0,James Starks GB,28.0,5.0,14.0,5.5,77.3,GB
2014,61.0,Carlos Hyde SF,24.0,1.0,14.0,5.4,76.1,SF
2014,68.0,Zac Stacy STL,23.0,2.0,9.0,7.6,68.3,STL
2014,70.0,C.J. Spiller BUF,27.0,5.0,9.0,7.5,67.4,BUF
2014,71.0,Ryan Mathews SD,27.0,5.0,6.0,11.1,66.7,SD
2014,74.0,Charles Sims TB,24.0,1.0,8.0,7.8,62.5,TB
2014,80.0,Stevan Ridley NE,25.0,4.0,6.0,8.7,52.0,NE
2014,89.0,Bilal Powell NYJ,26.0,4.0,14.0,2.9,40.3,NYJ
2014,93.0,DeAngelo Williams CAR,31.0,9.0,6.0,5.2,31.3,CAR
2014,117.0,Chris Thompson WAS,24.0,2.0,2.0,8.0,15.9,WAS
2014,126.0,Danny Woodhead SD,29.0,7.0,3.0,4.1,12.2,SD
2014,127.0,Adrian Peterson MIN,29.0,8.0,1.0,11.3,11.3,MIN
2014,128.0,James White NE,22.0,1.0,3.0,3.7,11.1,NE
2015,1.0,Devonta Freeman ATL,23.0,2.0,15.0,21.4,320.9,ATL
2015,2.0,Adrian Peterson MIN,30.0,9.0,16.0,16.7,266.7,MIN
2015,3.0,Danny Woodhead SD,30.0,8.0,16.0,15.3,244.1,SD
2015,4.0,Doug Martin TB,26.0,4.0,16.0,15.1,242.3,TB
2015,5.0,Lamar Miller MIA,24.0,4.0,16.0,14.6,233.9,MIA
2015,6.0,DeAngelo Williams PIT,32.0,10.0,16.0,14.6,233.4,PIT
2015,7.0,Matt Forte CHI,30.0,8.0,13.0,16.5,214.7,CHI
2015,8.0,David Johnson ARI,24.0,1.0,16.0,13.2,211.8,ARI
2015,9.0,Todd Gurley LA,21.0,1.0,13.0,16.2,210.6,LA
2015,10.0,Chris Ivory NYJ,27.0,6.0,15.0,13.8,206.7,NYJ
2015,11.0,Mark Ingram II NO,26.0,5.0,12.0,17.0,203.4,NO
2015,12.0,Darren McFadden DAL,28.0,8.0,16.0,12.5,199.7,DAL
2015,13.0,Frank Gore IND,32.0,11.0,16.0,12.5,199.4,IND
2015,14.0,DeMarco Murray PHI,27.0,5.0,15.0,12.5,188.1,PHI
2015,15.0,Latavius Murray OAK,25.0,3.0,15.0,12.3,184.1,OAK
2015,16.0,Charles Sims TB,25.0,2.0,16.0,11.5,184.0,TB
2015,17.0,Giovani Bernard CIN,24.0,3.0,16.0,11.3,181.2,CIN
2015,18.0,Theo Riddick DET,24.0,3.0,16.0,11.3,181.0,DET
2015,19.0,LeSean McCoy BUF,27.0,7.0,12.0,15.1,180.7,BUF
2015,20.0,Jeremy Hill CIN,23.0,2.0,16.0,10.9,174.3,CIN
2015,21.0,James Starks GB,29.0,6.0,16.0,10.8,172.3,GB
2015,22.0,Rashad Jennings NYG,30.0,7.0,16.0,10.6,168.9,NYG
2015,23.0,Jonathan Stewart CAR,28.0,8.0,13.0,12.8,166.8,CAR
2015,24.0,Duke Johnson Jr CLE,22.0,1.0,16.0,10.3,164.3,CLE
2015,25.0,Ronnie Hillman DEN,24.0,4.0,16.0,10.2,163.4,DEN
2015,26.0,Shane Vereen NYG,26.0,5.0,16.0,9.9,158.5,NYG
2015,27.0,T.J. Yeldon JAX,22.0,1.0,12.0,13.0,155.9,JAX
2015,28.0,Javorius Allen BAL,24.0,1.0,16.0,9.4,149.9,BAL
2015,29.0,Darren Sproles PHI,32.0,11.0,16.0,9.3,149.5,PHI
2015,30.0,Jeremy Langford CHI,24.0,1.0,15.0,9.7,145.6,CHI
2015,31.0,C.J. Anderson DEN,24.0,4.0,15.0,9.7,145.3,DEN
2015,32.0,Eddie Lacy GB,24.0,3.0,15.0,9.6,144.6,GB
2015,33.0,Isaiah Crowell CLE,22.0,2.0,16.0,8.6,137.8,CLE
2015,34.0,Bilal Powell NYJ,27.0,5.0,11.0,12.3,135.1,NYJ
2015,39.0,LeGarrette Blount NE,29.0,6.0,12.0,10.2,122.6,NE
2015,40.0,James White NE,23.0,2.0,14.0,8.8,122.6,NE
2015,41.0,Justin Forsett BAL,30.0,8.0,10.0,12.2,122.4,BAL
2015,43.0,Dion Lewis NE,25.0,5.0,7.0,17.5,122.2,NE
2015,45.0,Melvin Gordon III SD,22.0,1.0,14.0,8.3,116.3,SD
2015,48.0,Le'Veon Bell PIT,23.0,3.0,6.0,18.5,111.2,PIT
2015,50.0,Joique Bell DET,29.0,6.0,13.0,8.1,105.7,DET
2015,51.0,Jamaal Charles KC,29.0,8.0,5.0,21.0,105.1,KC
2015,53.0,Alfred Morris WAS,27.0,4.0,16.0,6.0,96.6,WAS
2015,55.0,Chris Thompson WAS,25.0,3.0,13.0,7.1,92.6,WAS
2015,58.0,Jerick McKinnon MIN,23.0,2.0,16.0,5.2,83.4,MIN
2015,60.0,Carlos Hyde SF,25.0,2.0,7.0,11.6,81.3,SF
2015,62.0,Marshawn Lynch SEA,29.0,9.0,7.0,11.5,80.7,SEA
2015,64.0,Arian Foster HOU,29.0,7.0,4.0,19.8,79.0,HOU
2015,67.0,Andre Ellington ARI,26.0,3.0,10.0,7.7,76.7,ARI
2015,74.0,Spencer Ware KC,24.0,3.0,9.0,6.6,59.7,KC
2015,79.0,Tevin Coleman ATL,22.0,1.0,12.0,4.0,48.6,ATL
2015,83.0,Matt Asiata MIN,28.0,4.0,16.0,2.7,43.4,MIN
2015,84.0,Ahmad Bradshaw IND,29.0,9.0,6.0,7.2,42.9,IND
2015,85.0,Jay Ajayi MIA,22.0,1.0,9.0,4.5,40.7,MIA
2015,92.0,Branden Oliver SD,24.0,2.0,6.0,5.8,35.0,SD
2015,95.0,Andre Williams NYG,23.0,2.0,16.0,2.1,33.4,NYG
2015,142.0,Cordarrelle Patterson MIN,24.0,3.0,11.0,0.4,4.5,MIN
2016,1.0,David Johnson ARI,25.0,2.0,15.0,25.1,377.0,ARI
2016,2.0,Ezekiel Elliott DAL,21.0,1.0,15.0,21.8,327.4,DAL
2016,3.0,Le'Veon Bell PIT,24.0,4.0,12.0,26.4,317.4,PIT
2016,4.0,LeSean McCoy BUF,28.0,8.0,15.0,19.8,297.3,BUF
2016,5.0,DeMarco Murray TEN,28.0,6.0,16.0,18.5,295.8,TEN
2016,6.0,Devonta Freeman ATL,24.0,3.0,16.0,17.9,286.1,ATL
2016,7.0,Melvin Gordon III SD,23.0,2.0,13.0,19.6,254.6,SD
2016,8.0,Mark Ingram II NO,27.0,6.0,16.0,15.1,242.2,NO
2016,9.0,LeGarrette Blount NE,30.0,7.0,16.0,14.7,234.9,NE
2016,10.0,Jordan Howard CHI,22.0,1.0,15.0,15.5,232.1,CHI
2016,11.0,Jay Ajayi MIA,23.0,2.0,15.0,14.5,217.3,MIA
2016,12.0,Frank Gore IND,33.0,12.0,16.0,13.5,216.3,IND
2016,13.0,Latavius Murray OAK,26.0,4.0,14.0,15.0,210.2,OAK
2016,14.0,Isaiah Crowell CLE,23.0,3.0,16.0,13.1,209.1,CLE
2016,15.0,Todd Gurley LA,22.0,2.0,16.0,12.5,200.2,LA
2016,16.0,Spencer Ware KC,25.0,4.0,14.0,14.3,199.9,KC
2016,17.0,Carlos Hyde SF,26.0,3.0,13.0,15.1,196.1,SF
2016,18.0,Bilal Powell NYJ,28.0,6.0,15.0,12.9,193.8,NYJ
2016,19.0,Lamar Miller HOU,25.0,5.0,14.0,13.8,193.1,HOU
2016,20.0,Tevin Coleman ATL,23.0,2.0,13.0,14.7,191.1,ATL
2016,21.0,Matt Forte NYJ,31.0,9.0,13.0,14.0,182.4,NYJ
2016,22.0,Jeremy Hill CIN,24.0,3.0,15.0,11.8,176.3,CIN
2016,23.0,Terrance West BAL,25.0,3.0,16.0,10.7,171.0,BAL
2016,24.0,Darren Sproles PHI,33.0,12.0,15.0,10.8,162.5,PHI
2016,25.0,Theo Riddick DET,25.0,4.0,10.0,16.2,161.8,DET
2016,26.0,James White NE,24.0,3.0,16.0,10.1,161.7,NE
2016,27.0,Jonathan Stewart CAR,29.0,9.0,13.0,11.6,150.4,CAR
2016,28.0,Chris Thompson WAS,26.0,4.0,16.0,9.3,149.5,WAS
2016,29.0,Devontae Booker DEN,24.0,1.0,16.0,9.3,148.7,DEN
2016,30.0,Jerick McKinnon MIN,24.0,3.0,15.0,9.8,146.4,MIN
2016,31.0,Duke Johnson Jr CLE,23.0,2.0,16.0,9.1,146.2,CLE
2016,33.0,T.J. Yeldon JAX,23.0,2.0,15.0,9.3,139.7,JAX
2016,35.0,Rashad Jennings NYG,31.0,8.0,13.0,10.6,138.4,NYG
2016,36.0,Matt Asiata MIN,29.0,5.0,16.0,8.4,134.5,MIN
2016,40.0,Giovani Bernard CIN,25.0,4.0,10.0,12.4,124.3,CIN
2016,41.0,Jalen Richard OAK,23.0,1.0,16.0,7.2,115.6,OAK
2016,42.0,Cordarrelle Patterson MIN,25.0,4.0,16.0,7.1,113.6,MIN
2016,45.0,Derrick Henry TEN,22.0,1.0,15.0,7.0,105.7,TEN
2016,46.0,C.J. Anderson DEN,25.0,5.0,7.0,14.6,102.5,DEN
2016,49.0,DeAngelo Williams PIT,33.0,11.0,9.0,11.1,100.1,PIT
2016,55.0,Doug Martin TB,27.0,5.0,8.0,10.9,87.5,TB
2016,59.0,Jeremy Langford CHI,25.0,2.0,12.0,6.4,77.2,CHI
2016,64.0,Charles Sims TB,26.0,3.0,7.0,10.0,69.9,TB
2016,68.0,James Starks GB,30.0,7.0,9.0,6.5,58.9,GB
2016,71.0,Dion Lewis NE,26.0,6.0,7.0,7.8,54.7,NE
2016,75.0,Kenyan Drake MIA,22.0,1.0,16.0,2.7,43.5,MIA
2016,76.0,Eddie Lacy GB,25.0,4.0,5.0,8.6,42.8,GB
2016,77.0,Shane Vereen NYG,27.0,6.0,5.0,8.4,42.2,NYG
2016,95.0,Andre Ellington ARI,27.0,4.0,15.0,1.8,27.6,ARI
2016,96.0,Danny Woodhead SD,31.0,9.0,2.0,13.6,27.1,SD
2016,113.0,Jamaal Charles KC,30.0,9.0,3.0,4.5,13.4,KC
2016,114.0,Darren McFadden DAL,29.0,9.0,3.0,4.5,13.4,DAL
2016,120.0,Adrian Peterson MIN,31.0,10.0,3.0,3.7,11.0,MIN
2016,129.0,Javorius Allen BAL,25.0,2.0,4.0,2.0,7.9,BAL
2016,160.0,Raheem Mostert SF,24.0,2.0,1.0,0.6,0.6,SF
2017,1.0,Todd Gurley LAR,23.0,3.0,15.0,25.8,387.3,LAR
2017,2.0,Le'Veon Bell PIT,25.0,5.0,15.0,23.0,345.6,PIT
2017,3.0,Alvin Kamara NO,22.0,1.0,16.0,19.7,315.4,NO
2017,4.0,Kareem Hunt KC,22.0,1.0,16.0,18.6,297.2,KC
2017,5.0,Melvin Gordon III LAC,24.0,3.0,16.0,18.0,288.1,LAC
2017,6.0,Mark Ingram II NO,28.0,7.0,16.0,17.8,284.0,NO
2017,7.0,LeSean McCoy BUF,29.0,9.0,16.0,16.6,265.6,BUF
2017,8.0,Carlos Hyde SF,27.0,4.0,16.0,14.8,236.0,SF
2017,9.0,Christian McCaffrey CAR,21.0,1.0,16.0,14.4,230.6,CAR
2017,10.0,Leonard Fournette JAX,22.0,1.0,13.0,17.7,230.2,JAX
2017,11.0,Duke Johnson Jr CLE,24.0,3.0,16.0,13.8,220.1,CLE
2017,12.0,Ezekiel Elliott DAL,22.0,2.0,10.0,20.5,205.2,DAL
2017,13.0,Devonta Freeman ATL,25.0,4.0,14.0,14.4,202.2,ATL
2017,14.0,Jordan Howard CHI,23.0,2.0,16.0,12.6,201.5,CHI
2017,15.0,Dion Lewis NE,27.0,7.0,16.0,12.3,197.0,NE
2017,16.0,Lamar Miller HOU,26.0,6.0,16.0,12.1,193.5,HOU
2017,17.0,Jerick McKinnon MIN,25.0,4.0,16.0,11.3,180.1,MIN
2017,18.0,C.J. Anderson DEN,26.0,6.0,16.0,10.9,175.1,DEN
2017,19.0,Alex Collins BAL,23.0,2.0,15.0,11.7,175.0,BAL
2017,20.0,Frank Gore IND,34.0,13.0,16.0,10.8,173.6,IND
2017,21.0,DeMarco Murray TEN,29.0,7.0,15.0,11.6,173.5,TEN
2017,22.0,Tevin Coleman ATL,24.0,3.0,15.0,11.2,167.9,ATL
2017,23.0,Marshawn Lynch OAK,31.0,11.0,15.0,11.1,166.3,OAK
2017,24.0,Javorius Allen BAL,26.0,3.0,16.0,10.4,166.1,BAL
2017,25.0,Latavius Murray MIN,27.0,5.0,16.0,9.8,157.4,MIN
2017,26.0,Theo Riddick DET,26.0,5.0,16.0,9.8,156.0,DET
2017,27.0,Chris Thompson WAS,27.0,5.0,10.0,15.5,155.4,WAS
2017,28.0,Giovani Bernard CIN,26.0,5.0,16.0,9.5,151.7,CIN
2017,29.0,Tarik Cohen CHI,22.0,1.0,16.0,9.3,148.6,CHI
2017,30.0,Bilal Powell NYJ,29.0,7.0,15.0,9.8,147.2,NYJ
2017,31.0,Joe Mixon CIN,21.0,1.0,14.0,10.4,145.3,CIN
2017,32.0,Kenyan Drake MIA,23.0,2.0,15.0,9.6,144.3,MIA
2017,33.0,Isaiah Crowell CLE,24.0,4.0,16.0,9.0,143.5,CLE
2017,37.0,Derrick Henry TEN,23.0,2.0,16.0,8.4,135.0,TEN
2017,38.0,James White NE,25.0,4.0,14.0,9.6,134.0,NE
2017,41.0,Matt Forte NYJ,32.0,10.0,12.0,10.3,123.4,NYJ
2017,42.0,Jonathan Stewart CAR,30.0,10.0,15.0,8.2,123.2,CAR
2017,44.0,Austin Ekeler LAC,22.0,1.0,13.0,8.5,110.9,LAC
2017,47.0,Matt Breida SF,22.0,1.0,16.0,6.5,103.5,SF
2017,48.0,Marlon Mack IND,21.0,1.0,14.0,7.4,103.3,IND
2017,50.0,Devontae Booker DEN,25.0,2.0,13.0,7.2,93.4,DEN
2017,52.0,Jalen Richard OAK,24.0,2.0,16.0,5.8,92.1,OAK
2017,54.0,T.J. Yeldon JAX,24.0,3.0,10.0,9.0,89.7,JAX
2017,60.0,Shane Vereen NYG,28.0,7.0,16.0,5.2,83.7,NYG
2017,62.0,Aaron Jones GB,23.0,1.0,10.0,8.0,80.0,GB
2017,64.0,Doug Martin TB,28.0,6.0,11.0,6.9,76.0,TB
2017,65.0,Charles Sims TB,27.0,4.0,16.0,4.7,75.4,TB
2017,72.0,Dalvin Cook MIN,22.0,1.0,4.0,16.8,67.4,MIN
2017,86.0,Chris Carson SEA,23.0,1.0,4.0,9.9,39.7,SEA
2017,92.0,Terrance West BAL,26.0,4.0,5.0,6.0,30.1,BAL
2017,101.0,Darren Sproles PHI,34.0,13.0,3.0,6.8,20.4,PHI
2017,105.0,Jeremy Hill CIN,25.0,4.0,7.0,2.5,17.2,CIN
2017,110.0,David Johnson ARI,26.0,3.0,1.0,15.1,15.1,ARI
2017,112.0,James Conner PIT,22.0,1.0,13.0,1.1,14.4,PIT
2017,143.0,Raheem Mostert SF,25.0,3.0,5.0,0.6,3.0,SF
2017,158.0,Darren McFadden DAL,30.0,10.0,1.0,-0.2,-0.2,DAL
2018,1.0,Christian McCaffrey CAR,22.0,2.0,16.0,24.2,387.5,CAR
2018,2.0,Saquon Barkley NYG,21.0,1.0,16.0,24.0,383.8,NYG
2018,3.0,Todd Gurley LAR,24.0,4.0,14.0,26.3,368.1,LAR
2018,4.0,Alvin Kamara NO,23.0,2.0,15.0,23.2,348.2,NO
2018,5.0,Ezekiel Elliott DAL,23.0,3.0,15.0,22.1,331.2,DAL
2018,6.0,James Conner PIT,23.0,2.0,13.0,21.5,280.0,PIT
2018,7.0,James White NE,26.0,5.0,16.0,17.3,276.6,NE
2018,8.0,Melvin Gordon III LAC,25.0,4.0,12.0,22.6,271.5,LAC
2018,9.0,David Johnson ARI,27.0,4.0,16.0,15.5,248.7,ARI
2018,10.0,Joe Mixon CIN,22.0,2.0,14.0,17.4,243.4,CIN
2018,11.0,Tarik Cohen CHI,23.0,2.0,16.0,15.0,239.6,CHI
2018,12.0,Kareem Hunt KC,23.0,2.0,11.0,20.9,230.2,KC
2018,13.0,Phillip Lindsay DEN,24.0,1.0,15.0,14.9,222.8,DEN
2018,14.0,Kenyan Drake MIA,24.0,3.0,16.0,13.0,208.2,MIA
2018,15.0,Chris Carson SEA,24.0,2.0,14.0,14.7,205.4,SEA
2018,16.0,Derrick Henry TEN,24.0,3.0,16.0,12.7,203.4,TEN
2018,17.0,Nick Chubb CLE,23.0,1.0,16.0,12.2,194.5,CLE
2018,18.0,Tevin Coleman ATL,25.0,4.0,16.0,12.1,193.6,ATL
2018,19.0,Adrian Peterson WAS,33.0,12.0,16.0,12.1,193.0,WAS
2018,20.0,Jordan Howard CHI,24.0,3.0,16.0,11.4,182.0,CHI
2018,21.0,Marlon Mack IND,22.0,2.0,12.0,14.8,178.1,IND
2018,22.0,T.J. Yeldon JAX,25.0,4.0,14.0,12.5,175.1,JAX
2018,23.0,Lamar Miller HOU,27.0,7.0,14.0,12.5,174.6,HOU
2018,24.0,Aaron Jones GB,24.0,2.0,12.0,14.5,173.5,GB
2018,25.0,Austin Ekeler LAC,23.0,2.0,14.0,12.2,170.8,LAC
2018,26.0,Matt Breida SF,23.0,2.0,14.0,11.8,164.5,SF
2018,27.0,Dion Lewis TEN,28.0,8.0,16.0,10.2,162.7,TEN
2018,28.0,Nyheim Hines IND,22.0,1.0,16.0,10.1,160.9,IND
2018,29.0,Jalen Richard OAK,25.0,3.0,16.0,10.0,160.6,OAK
2018,30.0,Dalvin Cook MIN,23.0,2.0,11.0,14.2,156.0,MIN
2018,32.0,Mark Ingram II NO,29.0,8.0,12.0,12.0,144.5,NO
2018,37.0,Latavius Murray MIN,28.0,6.0,16.0,8.1,129.9,MIN
2018,38.0,Duke Johnson Jr CLE,25.0,4.0,16.0,8.0,128.0,CLE
2018,39.0,LeSean McCoy BUF,30.0,10.0,14.0,9.1,127.2,BUF
2018,41.0,Leonard Fournette JAX,23.0,2.0,8.0,15.0,120.4,JAX
2018,43.0,Theo Riddick DET,27.0,6.0,14.0,8.3,116.5,DET
2018,44.0,Alex Collins BAL,24.0,3.0,10.0,11.5,114.6,BAL
2018,52.0,Giovani Bernard CIN,27.0,6.0,12.0,8.0,95.9,CIN
2018,53.0,Javorius Allen BAL,27.0,4.0,12.0,8.0,95.6,BAL
2018,55.0,Chris Thompson WAS,28.0,6.0,10.0,9.2,91.6,WAS
2018,57.0,Devontae Booker DEN,26.0,3.0,16.0,5.6,89.8,DEN
2018,60.0,Gus Edwards BAL,23.0,1.0,11.0,8.0,87.8,BAL
2018,64.0,Marshawn Lynch OAK,32.0,12.0,6.0,13.2,79.0,OAK
2018,65.0,Spencer Ware KC,27.0,6.0,13.0,6.1,79.0,KC
2018,72.0,Chase Edmonds ARI,22.0,1.0,16.0,3.9,63.1,ARI
2018,73.0,Bilal Powell NYJ,30.0,8.0,7.0,8.9,62.3,NYJ
2018,76.0,Darren Sproles PHI,35.0,14.0,6.0,10.2,61.0,PHI
2018,85.0,Raheem Mostert SF,26.0,4.0,8.0,5.1,40.6,SF
2018,95.0,Ronald Jones II TB,21.0,1.0,8.0,2.6,20.7,TB
2018,102.0,Darrel Williams KC,23.0,1.0,4.0,4.0,16.1,KC
2018,106.0,Devonta Freeman ATL,26.0,5.0,2.0,7.0,14.1,ATL
2019,1.0,Christian McCaffrey CAR,23.0,3.0,16.0,29.3,469.2,CAR
2019,2.0,Aaron Jones GB,25.0,3.0,16.0,19.9,318.8,GB
2019,3.0,Ezekiel Elliott DAL,24.0,4.0,16.0,19.7,315.6,DAL
2019,4.0,Austin Ekeler LAC,24.0,3.0,16.0,19.6,313.0,LAC
2019,5.0,Derrick Henry TEN,25.0,4.0,15.0,20.0,300.5,TEN
2019,6.0,Dalvin Cook MIN,24.0,3.0,14.0,21.2,296.4,MIN
2019,7.0,Leonard Fournette JAX,24.0,3.0,15.0,17.4,261.4,JAX
2019,8.0,Nick Chubb CLE,24.0,2.0,16.0,16.3,261.2,CLE
2019,9.0,Alvin Kamara NO,24.0,3.0,14.0,17.9,250.5,NO
2019,10.0,Saquon Barkley NYG,22.0,2.0,13.0,18.8,244.1,NYG
2019,11.0,Mark Ingram II BAL,30.0,9.0,15.0,16.2,242.5,BAL
2019,12.0,Chris Carson SEA,25.0,3.0,15.0,16.0,240.7,SEA
2019,13.0,Joe Mixon CIN,23.0,3.0,16.0,14.1,225.5,CIN
2019,14.0,Todd Gurley LAR,25.0,5.0,15.0,14.8,221.4,LAR
2019,15.0,Miles Sanders PHI,22.0,1.0,16.0,13.7,218.7,PHI
2019,16.0,Le'Veon Bell NYJ,27.0,7.0,15.0,14.3,215.0,NYJ
2019,17.0,"Kenyan Drake ARI,MIA",25.0,4.0,14.0,15.3,214.2,"ARI,MIA"
2019,18.0,Devonta Freeman ATL,27.0,6.0,14.0,14.4,201.6,ATL
2019,19.0,James White NE,27.0,6.0,15.0,13.3,200.2,NE
2019,20.0,Phillip Lindsay DEN,25.0,2.0,16.0,12.4,197.7,DEN
2019,21.0,Josh Jacobs OAK,21.0,1.0,13.0,14.9,193.6,OAK
2019,22.0,Melvin Gordon III LAC,26.0,5.0,12.0,15.6,186.8,LAC
2019,23.0,Marlon Mack IND,23.0,3.0,14.0,12.8,179.3,IND
2019,24.0,David Montgomery CHI,22.0,1.0,16.0,10.9,174.4,CHI
2019,25.0,Ronald Jones II TB,22.0,2.0,16.0,10.6,170.3,TB
2019,26.0,Raheem Mostert SF,27.0,5.0,15.0,11.3,169.2,SF
2019,27.0,Tarik Cohen CHI,24.0,3.0,16.0,10.2,163.9,CHI
2019,28.0,Carlos Hyde HOU,29.0,6.0,16.0,9.8,157.2,HOU
2019,29.0,Latavius Murray NO,29.0,7.0,16.0,9.8,157.2,NO
2019,30.0,Duke Johnson Jr HOU,26.0,5.0,16.0,9.8,156.0,HOU
2019,32.0,Adrian Peterson WAS,34.0,13.0,15.0,10.1,151.0,WAS
2019,33.0,Devin Singletary BUF,22.0,1.0,12.0,12.5,149.9,BUF
2019,34.0,James Conner PIT,24.0,3.0,10.0,14.8,147.5,PIT
2019,36.0,David Johnson ARI,28.0,5.0,13.0,11.0,143.5,ARI
2019,44.0,Nyheim Hines IND,23.0,2.0,16.0,6.7,107.9,IND
2019,46.0,Matt Breida SF,24.0,3.0,12.0,8.8,105.3,SF
2019,48.0,Kareem Hunt CLE,24.0,3.0,8.0,12.6,100.6,CLE
2019,51.0,Gus Edwards BAL,24.0,2.0,16.0,5.9,94.6,BAL
2019,52.0,Chris Thompson WAS,29.0,7.0,11.0,8.5,93.6,WAS
2019,53.0,Tony Pollard DAL,22.0,1.0,15.0,5.9,89.2,DAL
2019,56.0,Chase Edmonds ARI,23.0,2.0,10.0,8.3,82.8,ARI
2019,57.0,Jalen Richard OAK,26.0,4.0,16.0,5.2,82.8,OAK
2019,60.0,Giovani Bernard CIN,28.0,7.0,16.0,4.4,70.4,CIN
2019,62.0,Darrel Williams KC,24.0,2.0,10.0,7.0,69.8,KC
2019,63.0,Dion Lewis TEN,29.0,9.0,16.0,4.3,68.3,TEN
2019,86.0,Bilal Powell NYJ,31.0,9.0,13.0,2.6,33.2,NYJ
2019,89.0,Myles Gaskin MIA,22.0,1.0,7.0,4.5,31.4,MIA
2019,97.0,Darrell Henderson Jr. LAR,22.0,1.0,9.0,2.5,22.4,LAR
2019,104.0,Darren Sproles PHI,36.0,15.0,6.0,2.5,15.0,PHI
2019,107.0,Devontae Booker DEN,27.0,4.0,8.0,1.6,12.6,DEN
2019,108.0,Spencer Ware KC,28.0,7.0,3.0,4.1,12.3,KC
2019,119.0,Marshawn Lynch SEA,33.0,13.0,1.0,9.4,9.4,SEA
2019,140.0,Damien Harris NE,22.0,1.0,2.0,0.6,1.2,NE
2020,1.0,Alvin Kamara NO,25.0,4.0,15.0,25.2,377.8,NO
2020,2.0,Dalvin Cook MIN,25.0,4.0,14.0,24.1,337.8,MIN
2020,3.0,Derrick Henry TEN,26.0,5.0,16.0,20.9,335.1,TEN
2020,4.0,David Montgomery CHI,23.0,2.0,15.0,17.7,264.8,CHI
2020,5.0,Aaron Jones GB,26.0,4.0,14.0,18.5,258.9,GB
2020,6.0,Jonathan Taylor IND,21.0,1.0,15.0,17.0,254.8,IND
2020,7.0,James Robinson JAX,22.0,1.0,14.0,17.9,250.4,JAX
2020,8.0,Josh Jacobs LV,22.0,2.0,15.0,15.7,235.2,LV
2020,9.0,Ezekiel Elliott DAL,25.0,5.0,15.0,15.4,231.7,DAL
2020,10.0,Kareem Hunt CLE,25.0,4.0,16.0,13.7,218.5,CLE
2020,11.0,Nick Chubb CLE,25.0,3.0,12.0,17.5,209.7,CLE
2020,12.0,Mike Davis CAR,27.0,6.0,15.0,13.9,208.5,CAR
2020,13.0,Melvin Gordon III DEN,27.0,6.0,15.0,13.8,206.4,DEN
2020,14.0,Antonio Gibson WAS,22.0,1.0,14.0,14.7,206.2,WAS
2020,15.0,Kenyan Drake ARI,26.0,5.0,15.0,12.9,194.2,ARI
2020,16.0,D'Andre Swift DET,21.0,1.0,13.0,14.9,193.8,DET
2020,17.0,J.D. McKissic WAS,27.0,5.0,16.0,12.1,193.4,WAS
2020,18.0,Nyheim Hines IND,24.0,3.0,16.0,12.0,192.2,IND
2020,19.0,Ronald Jones II TB,23.0,3.0,14.0,13.6,190.3,TB
2020,20.0,Chris Carson SEA,26.0,4.0,12.0,15.6,187.8,SEA
2020,21.0,David Johnson HOU,29.0,6.0,12.0,15.1,181.5,HOU
2020,22.0,Clyde Edwards-Helaire KC,21.0,1.0,13.0,13.5,176.0,KC
2020,23.0,Miles Sanders PHI,23.0,2.0,12.0,14.2,170.4,PHI
2020,24.0,Myles Gaskin MIA,23.0,2.0,10.0,16.8,168.2,MIA
2020,25.0,Chase Edmonds ARI,24.0,3.0,16.0,10.5,168.0,ARI
2020,26.0,Austin Ekeler LAC,25.0,4.0,10.0,16.5,165.3,LAC
2020,27.0,James Conner PIT,25.0,4.0,13.0,12.7,164.5,PIT
2020,28.0,J.K. Dobbins BAL,22.0,1.0,15.0,11.0,164.5,BAL
2020,29.0,Todd Gurley ATL,26.0,6.0,15.0,10.9,163.2,ATL
2020,30.0,Giovani Bernard CIN,29.0,8.0,16.0,10.0,160.1,CIN
2020,32.0,Devin Singletary BUF,23.0,2.0,16.0,9.1,145.6,BUF
2020,34.0,Latavius Murray NO,30.0,8.0,15.0,9.1,136.2,NO
2020,35.0,Leonard Fournette TB,25.0,4.0,13.0,10.2,132.0,TB
2020,36.0,Darrell Henderson Jr. LAR,23.0,2.0,15.0,8.7,130.4,LAR
2020,37.0,Gus Edwards BAL,25.0,3.0,16.0,8.1,130.2,BAL
2020,41.0,Tony Pollard DAL,23.0,2.0,16.0,7.5,120.7,DAL
2020,42.0,James White NE,28.0,7.0,14.0,8.3,116.6,NE
2020,47.0,Raheem Mostert SF,28.0,6.0,8.0,12.7,101.7,SF
2020,48.0,Joe Mixon CIN,24.0,4.0,6.0,16.9,101.6,CIN
2020,53.0,Damien Harris NE,23.0,2.0,10.0,9.1,91.3,NE
2020,54.0,Christian McCaffrey CAR,24.0,4.0,3.0,30.1,90.3,CAR
2020,55.0,Duke Johnson Jr HOU,27.0,6.0,11.0,8.0,88.4,HOU
2020,66.0,Phillip Lindsay DEN,26.0,3.0,11.0,6.0,66.0,DEN
2020,76.0,Mark Ingram II BAL,31.0,10.0,11.0,4.8,52.9,BAL
2020,77.0,Darrel Williams KC,25.0,3.0,13.0,4.0,52.5,KC
2020,84.0,AJ Dillon GB,22.0,1.0,11.0,3.7,40.3,GB
2020,112.0,Tarik Cohen CHI,25.0,4.0,3.0,5.8,17.5,CHI
2020,120.0,Saquon Barkley NYG,23.0,3.0,2.0,7.7,15.4,NYG
2020,131.0,Marlon Mack IND,24.0,4.0,1.0,8.6,8.6,IND
2021,1.0,Jonathan Taylor IND,22.0,2.0,16.0,22.8,364.6,IND
2021,2.0,Austin Ekeler LAC,26.0,5.0,15.0,21.3,318.9,LAC
2021,3.0,Najee Harris PIT,23.0,1.0,16.0,18.2,291.2,PIT
2021,4.0,Joe Mixon CIN,25.0,5.0,16.0,18.1,289.9,CIN
2021,5.0,Leonard Fournette TB,26.0,5.0,14.0,18.3,255.6,TB
2021,6.0,Ezekiel Elliott DAL,26.0,6.0,16.0,14.9,238.1,DAL
2021,7.0,Cordarrelle Patterson ATL,30.0,9.0,15.0,15.5,232.4,ATL
2021,8.0,Aaron Jones GB,27.0,5.0,15.0,15.4,231.0,GB
2021,9.0,James Conner ARI,26.0,5.0,14.0,16.5,230.4,ARI
2021,10.0,Alvin Kamara NO,26.0,5.0,12.0,18.0,216.5,NO
2021,11.0,Antonio Gibson WAS,23.0,2.0,15.0,14.2,213.0,WAS
2021,12.0,Nick Chubb CLE,26.0,4.0,13.0,16.2,210.3,CLE
2021,13.0,Josh Jacobs LV,23.0,3.0,14.0,14.8,207.6,LV
2021,14.0,Dalvin Cook MIN,26.0,5.0,12.0,16.6,199.1,MIN
2021,15.0,Javonte Williams DEN,21.0,1.0,16.0,12.4,198.5,DEN
2021,16.0,Damien Harris NE,24.0,3.0,14.0,14.1,196.8,NE
2021,17.0,D'Andre Swift DET,22.0,2.0,12.0,16.4,196.3,DET
2021,18.0,Derrick Henry TEN,27.0,6.0,8.0,23.9,191.3,TEN
2021,19.0,Darrel Williams KC,26.0,4.0,16.0,11.8,188.3,KC
2021,20.0,David Montgomery CHI,24.0,3.0,12.0,15.6,187.1,CHI
2021,21.0,Melvin Gordon III DEN,28.0,7.0,15.0,12.2,182.5,DEN
2021,22.0,AJ Dillon GB,23.0,2.0,16.0,11.2,179.9,GB
2021,23.0,James Robinson JAX,23.0,2.0,14.0,12.7,177.9,JAX
2021,24.0,Devin Singletary BUF,24.0,3.0,16.0,10.8,172.6,BUF
2021,25.0,Myles Gaskin MIA,24.0,3.0,16.0,10.7,171.6,MIA
2021,26.0,Darrell Henderson Jr. LAR,24.0,3.0,12.0,13.6,163.4,LAR
2021,27.0,Tony Pollard DAL,24.0,3.0,15.0,10.4,156.6,DAL
2021,28.0,Elijah Mitchell SF,23.0,1.0,10.0,15.6,156.5,SF
2021,29.0,Michael Carter NYJ,22.0,1.0,13.0,11.9,154.5,NYJ
2021,30.0,Chase Edmonds ARI,25.0,4.0,12.0,12.1,145.3,ARI
2021,31.0,Saquon Barkley NYG,24.0,4.0,12.0,11.9,142.7,NYG
2021,36.0,J.D. McKissic WAS,28.0,6.0,11.0,11.6,127.9,WAS
2021,37.0,Christian McCaffrey CAR,25.0,5.0,7.0,18.2,127.5,CAR
2021,38.0,Chuba Hubbard CAR,22.0,1.0,16.0,7.9,126.0,CAR
2021,40.0,Clyde Edwards-Helaire KC,22.0,2.0,10.0,12.0,119.6,KC
2021,42.0,Miles Sanders PHI,24.0,3.0,12.0,9.8,117.2,PHI
2021,43.0,Jamaal Williams DET,26.0,5.0,12.0,9.5,113.6,DET
2021,44.0,Nyheim Hines IND,25.0,4.0,16.0,7.0,112.7,IND
2021,45.0,Rhamondre Stevenson NE,23.0,1.0,11.0,10.2,112.2,NE
2021,47.0,Kareem Hunt CLE,26.0,5.0,8.0,13.5,108.0,CLE
2021,58.0,Ronald Jones II TB,24.0,4.0,16.0,5.2,83.2,TB
2021,62.0,David Johnson HOU,30.0,7.0,12.0,6.4,76.7,HOU
2021,76.0,Chris Carson SEA,27.0,5.0,4.0,12.5,50.1,SEA
2021,93.0,James White NE,29.0,8.0,3.0,10.4,31.2,NE
2021,102.0,Jerick McKinnon KC,29.0,8.0,11.0,2.0,21.9,KC
2021,115.0,Marlon Mack IND,25.0,5.0,6.0,2.2,12.9,IND
2021,146.0,Raheem Mostert SF,29.0,7.0,1.0,2.0,2.0,SF
2022,1.0,Austin Ekeler LAC,27.0,6.0,16.0,23.0,367.7,LAC
2022,2.0,"Christian McCaffrey CAR,SF",26.0,6.0,16.0,21.2,339.5,"CAR,SF"
2022,3.0,Josh Jacobs LV,24.0,4.0,16.0,20.2,323.3,LV
2022,4.0,Derrick Henry TEN,28.0,7.0,15.0,19.7,295.0,TEN
2022,5.0,Saquon Barkley NYG,25.0,5.0,16.0,17.6,282.0,NYG
2022,6.0,Nick Chubb CLE,27.0,5.0,16.0,16.1,258.2,CLE
2022,7.0,Tony Pollard DAL,25.0,4.0,15.0,16.5,246.9,DAL
2022,8.0,Aaron Jones GB,28.0,6.0,16.0,15.2,242.8,GB
2022,9.0,Dalvin Cook MIN,27.0,6.0,16.0,15.1,241.1,MIN
2022,10.0,Rhamondre Stevenson NE,24.0,2.0,16.0,14.9,237.9,NE
2022,11.0,Leonard Fournette TB,27.0,6.0,15.0,15.0,224.7,TB
2022,12.0,Joe Mixon CIN,26.0,6.0,14.0,15.9,222.9,CIN
2022,13.0,Miles Sanders PHI,25.0,4.0,16.0,13.6,217.4,PHI
2022,14.0,Najee Harris PIT,24.0,2.0,16.0,13.2,211.5,PIT
2022,15.0,Jamaal Williams DET,27.0,6.0,16.0,13.0,208.7,DET
2022,16.0,Alvin Kamara NO,27.0,6.0,14.0,14.8,207.8,NO
2022,17.0,Travis Etienne Jr. JAX,23.0,2.0,16.0,12.7,203.7,JAX
2022,18.0,James Conner ARI,27.0,6.0,13.0,15.6,202.2,ARI
2022,19.0,Ken Walker III SEA,22.0,1.0,14.0,13.5,189.1,SEA
2022,20.0,Jerick McKinnon KC,30.0,9.0,16.0,11.7,187.7,KC
2022,21.0,Ezekiel Elliott DAL,27.0,7.0,14.0,13.2,184.8,DAL
2022,22.0,Devin Singletary BUF,25.0,4.0,16.0,11.2,180.0,BUF
2022,23.0,David Montgomery CHI,25.0,4.0,15.0,12.0,179.6,CHI
2022,24.0,D'Andre Swift DET,23.0,3.0,13.0,13.3,173.5,DET
2022,25.0,Dameon Pierce HOU,22.0,1.0,13.0,13.1,170.4,HOU
2022,26.0,Antonio Gibson WAS,24.0,3.0,15.0,11.1,165.9,WAS
2022,27.0,AJ Dillon GB,24.0,3.0,16.0,10.3,164.3,GB
2022,28.0,Raheem Mostert MIA,30.0,8.0,15.0,10.8,162.2,MIA
2022,29.0,"Jeff Wilson Jr. MIA,SF",27.0,5.0,15.0,10.2,153.1,"MIA,SF"
2022,30.0,Jonathan Taylor IND,23.0,3.0,11.0,13.9,152.4,IND
2022,32.0,Rachaad White TB,23.0,1.0,16.0,9.0,143.6,TB
2022,33.0,Cordarrelle Patterson ATL,31.0,10.0,12.0,11.7,140.8,ATL
2022,37.0,Isiah Pacheco KC,23.0,1.0,16.0,7.9,126.6,KC
2022,38.0,Michael Carter NYJ,23.0,2.0,15.0,8.4,125.5,NYJ
2022,40.0,Kareem Hunt CLE,27.0,6.0,16.0,7.6,121.0,CLE
2022,41.0,Breece Hall NYJ,21.0,1.0,7.0,16.7,117.1,NYJ
2022,42.0,Brian Robinson Jr WAS,23.0,1.0,12.0,9.4,112.7,WAS
2022,44.0,James Cook BUF,23.0,1.0,16.0,6.4,102.4,BUF
2022,45.0,Clyde Edwards-Helaire KC,23.0,3.0,10.0,9.8,98.3,KC
2022,46.0,Melvin Gordon III DEN,29.0,8.0,10.0,9.1,91.1,DEN
2022,50.0,Jaylen Warren PIT,24.0,1.0,15.0,5.7,86.0,PIT
2022,51.0,Damien Harris NE,25.0,4.0,12.0,7.1,84.8,NE
2022,52.0,Chuba Hubbard CAR,23.0,2.0,14.0,5.9,82.8,CAR
2022,54.0,J.K. Dobbins BAL,24.0,3.0,8.0,10.2,81.2,BAL
2022,57.0,Darrell Henderson Jr. LAR,25.0,4.0,10.0,7.4,73.5,LAR
2022,64.0,Gus Edwards BAL,27.0,5.0,8.0,7.5,59.7,BAL
2022,66.0,J.D. McKissic WAS,29.0,7.0,8.0,6.7,53.8,WAS
2022,69.0,Mark Ingram II NO,33.0,12.0,10.0,5.2,52.1,NO
2022,77.0,Javonte Williams DEN,22.0,2.0,4.0,11.0,44.0,DEN
2022,88.0,Kyren Williams LAR,22.0,1.0,8.0,3.8,30.5,LAR
2022,89.0,Jordan Mason SF,23.0,1.0,8.0,3.6,29.0,SF
2022,93.0,Elijah Mitchell SF,24.0,2.0,4.0,6.5,26.1,SF
2022,118.0,Myles Gaskin MIA,25.0,4.0,2.0,4.7,9.4,MIA
2022,149.0,Jerome Ford CLE,23.0,1.0,2.0,0.6,1.2,CLE
2023,1.0,Christian McCaffrey SF,27.0,7.0,16.0,24.7,395.3,SF
2023,2.0,Raheem Mostert MIA,31.0,9.0,15.0,18.0,269.7,MIA
2023,3.0,Travis Etienne Jr. JAX,24.0,3.0,16.0,16.5,264.7,JAX
2023,4.0,Breece Hall NYJ,22.0,2.0,16.0,16.3,261.5,NYJ
2023,5.0,Rachaad White TB,24.0,2.0,16.0,16.2,258.6,TB
2023,6.0,Kyren Williams LAR,23.0,2.0,12.0,21.4,257.0,LAR
2023,7.0,Joe Mixon CIN,27.0,7.0,16.0,15.0,240.3,CIN
2023,8.0,Jahmyr Gibbs DET,21.0,1.0,14.0,16.8,235.1,DET
2023,9.0,James Cook BUF,24.0,2.0,16.0,14.3,228.5,BUF
2023,10.0,Alvin Kamara NO,28.0,7.0,13.0,17.5,227.0,NO
2023,11.0,Bijan Robinson ATL,21.0,1.0,16.0,14.1,226.2,ATL
2023,12.0,Derrick Henry TEN,29.0,8.0,16.0,14.1,225.4,TEN
2023,13.0,Isiah Pacheco KC,24.0,2.0,14.0,15.4,215.9,KC
2023,14.0,Jerome Ford CLE,24.0,2.0,16.0,12.9,206.0,CLE
2023,15.0,Tony Pollard DAL,26.0,5.0,16.0,12.9,206.0,DAL
2023,16.0,Saquon Barkley NYG,26.0,6.0,13.0,15.5,201.5,NYG
2023,17.0,D'Andre Swift PHI,24.0,4.0,16.0,12.6,201.3,PHI
2023,18.0,David Montgomery DET,26.0,5.0,13.0,15.2,197.2,DET
2023,19.0,Jaylen Warren PIT,25.0,2.0,16.0,11.9,190.4,PIT
2023,20.0,Ken Walker III SEA,23.0,2.0,14.0,13.6,190.3,SEA
2023,21.0,Brian Robinson Jr WAS,24.0,2.0,14.0,13.4,187.5,WAS
2023,22.0,Gus Edwards BAL,28.0,6.0,16.0,11.5,184.2,BAL
2023,23.0,Josh Jacobs LV,25.0,5.0,13.0,14.1,183.1,LV
2023,24.0,Austin Ekeler LAC,28.0,7.0,13.0,14.0,181.5,LAC
2023,25.0,De'Von Achane MIA,22.0,1.0,10.0,18.0,179.6,MIA
2023,26.0,Najee Harris PIT,25.0,3.0,16.0,10.8,173.2,PIT
2023,27.0,Chuba Hubbard CAR,24.0,3.0,16.0,10.7,171.3,CAR
2023,28.0,James Conner ARI,28.0,7.0,12.0,14.3,171.1,ARI
2023,29.0,Zack Moss IND,26.0,4.0,13.0,12.7,164.6,IND
2023,30.0,Ezekiel Elliott NE,28.0,8.0,16.0,10.2,163.4,NE
2023,31.0,Javonte Williams DEN,23.0,3.0,15.0,10.4,156.7,DEN
2023,33.0,Rhamondre Stevenson NE,25.0,3.0,12.0,12.3,147.7,NE
2023,37.0,Jonathan Taylor IND,24.0,4.0,9.0,14.3,128.8,IND
2023,38.0,Antonio Gibson WAS,25.0,4.0,15.0,8.3,124.8,WAS
2023,40.0,Aaron Jones GB,29.0,7.0,10.0,11.8,117.8,GB
2023,41.0,AJ Dillon GB,25.0,4.0,15.0,7.8,117.6,GB
2023,42.0,Kareem Hunt CLE,28.0,7.0,14.0,8.4,117.0,CLE
2023,52.0,Jerick McKinnon KC,31.0,10.0,12.0,7.0,84.4,KC
2023,55.0,Dameon Pierce HOU,23.0,2.0,13.0,5.9,76.7,HOU
2023,58.0,Clyde Edwards-Helaire KC,24.0,4.0,14.0,4.9,68.1,KC
2023,63.0,Chase Brown CIN,23.0,1.0,10.0,4.7,47.2,CIN
2023,68.0,Darrell Henderson Jr. LAR,26.0,5.0,4.0,10.9,43.5,LAR
2023,72.0,Jordan Mason SF,24.0,2.0,10.0,3.9,38.9,SF
2023,78.0,Cordarrelle Patterson ATL,32.0,11.0,13.0,2.7,34.9,ATL
2023,80.0,Elijah Mitchell SF,25.0,3.0,10.0,3.3,32.8,SF
2023,88.0,Nick Chubb CLE,28.0,6.0,2.0,11.6,23.1,CLE
2023,107.0,J.K. Dobbins BAL,25.0,4.0,1.0,11.7,11.7,BAL
2024,1.0,Saquon Barkley PHI,27.0,7.0,10.0,21.8,217.7,PHI
2024,2.0,Derrick Henry BAL,30.0,9.0,10.0,21.6,215.6,BAL
2024,3.0,Alvin Kamara NO,29.0,8.0,10.0,20.7,206.6,NO
2024,4.0,Bijan Robinson ATL,22.0,2.0,10.0,19.1,190.9,ATL
2024,5.0,Chuba Hubbard CAR,25.0,4.0,10.0,16.6,166.2,CAR
2024,6.0,Kyren Williams LAR,24.0,3.0,9.0,18.3,165.0,LAR
2024,7.0,Jahmyr Gibbs DET,22.0,2.0,9.0,18.1,162.9,DET
2024,8.0,Breece Hall NYJ,23.0,3.0,10.0,15.4,154.2,NYJ
2024,9.0,De'Von Achane MIA,23.0,2.0,9.0,16.6,149.4,MIA
2024,10.0,James Cook BUF,25.0,3.0,9.0,16.6,149.1,BUF
2024,11.0,James Conner ARI,29.0,8.0,10.0,14.8,148.4,ARI
2024,12.0,Joe Mixon HOU,28.0,8.0,7.0,20.8,145.4,HOU
2024,13.0,David Montgomery DET,27.0,6.0,9.0,15.6,140.6,DET
2024,14.0,Chase Brown CIN,24.0,2.0,10.0,13.9,139.1,CIN
2024,15.0,J.K. Dobbins LAC,26.0,5.0,9.0,15.4,138.2,LAC
2024,16.0,Aaron Jones MIN,30.0,8.0,9.0,15.2,137.1,MIN
2024,17.0,Ken Walker III SEA,24.0,3.0,7.0,19.1,133.5,SEA
2024,18.0,Josh Jacobs GB,26.0,6.0,9.0,14.7,132.0,GB
2024,19.0,D'Andre Swift CHI,25.0,5.0,9.0,14.4,129.4,CHI
2024,20.0,Tony Pollard TEN,27.0,6.0,9.0,14.2,128.0,TEN
2024,21.0,Rhamondre Stevenson NE,26.0,4.0,9.0,14.2,127.4,NE
2024,22.0,Rachaad White TB,25.0,3.0,9.0,14.1,126.7,TB
2024,23.0,Austin Ekeler WAS,29.0,8.0,10.0,12.3,122.7,WAS
2024,24.0,Bucky Irving TB,22.0,1.0,10.0,11.8,118.0,TB
2024,25.0,Najee Harris PIT,26.0,4.0,9.0,12.7,114.7,PIT
2024,26.0,Jonathan Taylor IND,25.0,5.0,7.0,16.3,114.4,IND
2024,27.0,Brian Robinson Jr WAS,25.0,3.0,8.0,14.2,113.2,WAS
2024,28.0,Jordan Mason SF,25.0,3.0,9.0,11.7,105.6,SF
2024,29.0,Javonte Williams DEN,24.0,4.0,10.0,10.4,104.0,DEN
2024,30.0,Tyrone Tracy Jr. NYG,25.0,1.0,10.0,10.2,102.2,NYG
2024,31.0,Kareem Hunt KC,29.0,8.0,6.0,16.8,100.5,KC
2024,38.0,Travis Etienne Jr. JAX,25.0,4.0,8.0,8.8,70.4,JAX
2024,42.0,Jerome Ford CLE,25.0,3.0,7.0,9.0,62.8,CLE
2024,45.0,Raheem Mostert MIA,32.0,10.0,6.0,8.8,52.9,MIA
2024,56.0,Jaylen Warren PIT,26.0,3.0,7.0,6.5,45.3,PIT
2024,61.0,Ezekiel Elliott DAL,29.0,9.0,8.0,5.0,40.1,DAL
2024,66.0,Isiah Pacheco KC,25.0,3.0,2.0,16.0,31.9,KC
2024,78.0,Nick Chubb CLE,29.0,7.0,3.0,6.6,19.9,CLE
2024,83.0,Dameon Pierce HOU,24.0,3.0,4.0,4.2,16.9,HOU
2024,84.0,Christian McCaffrey SF,28.0,8.0,1.0,16.7,16.7,SF
